Tag;Gesamt kWh
2013-08-04;21,77
2013-08-05;24,729
2013-08-06;24,209
2013-08-07;14,74
2013-08-08;11,44
2013-08-09;2,409
2013-08-10;25,35
2013-08-11;24,351
2013-08-12;23,399
2013-08-13;16,501
2013-08-14;25,308
2013-08-15;24,14
2013-08-16;22,68
2013-08-17;22,928
2013-08-18;22,431
2013-08-19;4,98
2013-08-20;23,58
2013-08-21;23,231
2013-08-22;23,29
2013-08-23;20,621
2013-08-24;11,76
2013-08-27;9,771
2013-08-28;7,23
2013-09-03;15,019
2013-09-04;20,16
2013-09-05;19,649
2013-09-06;19,07
2013-09-07;19,1
2013-09-08;5,789
2013-09-09;12,26
2013-09-10;1,829
2013-09-11;7,999
2013-09-12;4,789
2013-09-13;10,249
2013-09-14;11,07
2013-09-15;7,92
2013-09-16;2,891
2013-09-17;13,15
2013-09-18;9,369
2013-09-19;11,431
2013-09-20;9,659
2013-09-21;17,029
2013-09-22;16,79
2013-09-23;17,121
2013-09-24;15,449
2013-09-25;16,279
2013-09-26;3,591
2013-09-27;8,591
2013-09-28;13,741
2013-09-29;4,259
2013-09-30;2,3
2013-10-01;5,461
2013-10-02;11,25
2013-10-03;8,42
2013-10-04;8,66
2013-10-05;4,991
2013-10-06;4,64
2013-10-07;2,58
2013-10-08;3,698
2013-10-09;4,521
2013-10-10;0,941
2013-10-11;13,031
2013-10-12;6,251
2013-10-13;13,501
2013-10-14;10,278
2013-10-15;8,16
2013-10-16;8,591
2013-10-17;11,13
2013-10-18;12,181
2013-10-19;11,599
2013-10-20;6,12
2013-10-21;10,24
2013-10-22;11,002
2013-10-23;1,75
2013-10-24;10,84
2013-10-25;7,469
2013-10-26;9,26
2013-10-27;2,798
2013-10-28;10,219
2013-10-29;2,99
2013-10-30;9,469
2013-10-31;4,281
2013-11-01;5,448
2013-11-02;6,36
2013-11-03;5,079
2013-11-04;5,98
2013-11-05;5,93
2013-11-06;0,86
2013-11-07;10,782
2013-11-08;8,99
2013-11-09;2,92
2013-11-10;1,501
2013-11-11;4,629
2013-11-12;7,909
2013-11-13;4,259
2013-11-14;0,669
2013-11-15;3,269
2013-11-16;1,92
2013-11-17;2,22
2013-11-18;3,24
2013-11-19;0,669
2013-11-20;1,859
2013-11-21;2,92
2013-11-22;2,549
2013-11-23;1,019
2013-11-24;0,46
2013-11-25;8,39
2013-11-26;4,609
2013-11-27;6,19
2013-11-28;4,071
2013-11-29;7,129
2013-11-30;2,891
2013-12-01;7,181
2013-12-02;7,11
2013-12-03;2,72
2013-12-04;3,672
2013-12-05;6,011
2013-12-06;2,57
2013-12-07;5,231
2013-12-08;6,41
2013-12-09;5,98
2013-12-10;5,801
2013-12-11;1,84
2013-12-12;1,55
2013-12-13;1,78
2013-12-14;2,2
2013-12-15;3,841
2013-12-16;2,4
2013-12-17;2,08
2013-12-18;3,542
2013-12-19;1,869
2013-12-20;0,571
2013-12-21;1,889
2013-12-22;4,141
2013-12-23;5,539
2013-12-24;3,763
2013-12-25;4,51
2013-12-26;0,53
2013-12-27;5,481
2013-12-28;4,629
2013-12-29;4,021
2013-12-30;5,83
2013-12-31;5,71
2014-01-01;4,171
2014-01-02;1,46
2014-01-03;2,73
2014-01-04;0,831
2014-01-05;2,021
2014-01-06;6,158
2014-01-07;5,83
2014-01-08;4,899
2014-01-09;4,86
2014-01-10;1,439
2014-01-11;2,23
2014-01-12;3,279
2014-01-13;4,001
2014-01-14;0,74
2014-01-15;7,31
2014-01-16;3,708
2014-01-17;1,3
2014-01-18;1,75
2014-01-19;2,059
2014-01-20;3,542
2014-01-21;1,189
2014-01-22;4,821
2014-01-23;2,049
2014-01-24;3,08
2014-01-25;7,87
2014-01-26;4,461
2014-01-27;2,939
2014-01-28;8,909
2014-01-29;8,77
2014-01-30;4,411
2014-01-31;9,03
2014-02-01;4,739
2014-02-02;2,169
2014-02-03;10,02
2014-02-04;5,481
2014-02-05;2,698
2014-02-06;10,2
2014-02-07;1,638
2014-02-08;7,479
2014-02-09;8,528
2014-02-10;3,609
2014-02-11;9,69
2014-02-12;5,98
2014-02-13;3,348
2014-02-14;8,349
2014-02-15;11,611
2014-02-16;2,261
2014-02-17;7,889
2014-02-18;10,739
2014-02-19;3,089
2014-02-20;12,191
2014-02-21;2,2
2014-02-22;8,38
2014-02-23;14,781
2014-02-24;14,55
2014-02-25;11,691
2014-02-26;11,44
2014-02-27;9,469
2014-02-28;14,021
2014-03-01;6,11
2014-03-02;3,379
2014-03-03;10,549
2014-03-04;2,2
2014-03-05;10,599
2014-03-06;13,95
2014-03-07;15,62
2014-03-08;15,55
2014-03-09;15,749
2014-03-10;15,8
2014-03-11;13,43
2014-03-12;16,481
2014-03-13;16,11
2014-03-14;16,201
2014-03-15;7,649
2014-03-16;5,81
2014-03-17;16,95
2014-03-18;16,558
2014-03-19;10,229
2014-03-20;17,739
2014-03-21;17,121
2014-03-22;6,429
2014-03-23;2,96
2014-03-24;8,291
2014-03-25;19,029
2014-03-26;18,14
2014-03-27;20,631
2014-03-28;20,21
2014-03-29;19,89
2014-03-30;20,48
2014-03-31;20,041
2014-04-01;19,281
2014-04-02;20,041
2014-04-03;10,43
2014-04-04;15,25
2014-04-05;4,13
2014-04-06;18,739
2014-04-07;19,931
2014-04-08;7,031
2014-04-09;22,229
2014-04-10;13,44
2014-04-11;21,451
2014-04-12;16,749
2014-04-13;17,67
2014-04-14;21,441
2014-04-15;23,731
2014-04-16;24,361
2014-04-17;24,39
2014-04-18;5,33
2014-04-19;17,189
2014-04-20;23,22
2014-04-21;18,001
2014-04-22;19,299
2014-04-23;23,839
2014-04-24;24,189
2014-04-25;23,92
2014-04-26;22,819
2014-04-27;9,85
2014-04-28;7,04
2014-04-29;14,178
2014-04-30;5,06
2014-05-01;23,788
2014-05-02;9,84
2014-05-03;3,229
2014-05-04;21,08
2014-05-05;27,58
2014-05-06;19,702
2014-05-07;5,72
2014-05-08;24,209
2014-05-09;10,268
2014-05-10;18,421
2014-05-11;10,97
2014-05-12;16,86
2014-05-13;13,179
2014-05-14;15,62
2014-05-15;12,65
2014-05-16;17,011
2014-05-17;23,361
2014-05-18;27,899
2014-05-19;29,4
2014-05-20;26,68
2014-05-21;27,281
2014-05-22;19,631
2014-05-23;22,781
2014-05-24;21,34
2014-05-25;26,81
2014-05-26;18,359
2014-05-27;5,131
2014-05-28;20,019
2014-05-29;30,25
2014-05-30;8,02
2014-05-31;31,05
2014-06-01;30,091
2014-06-02;26,88
2014-06-03;27,468
2014-06-04;16,31
2014-06-05;27,082
2014-06-06;28,28
2014-06-07;28,371
2014-06-08;27,22
2014-06-09;28,012
2014-06-10;28,23
2014-06-11;28,0
2014-06-12;27,669
2014-06-13;28,04
2014-06-14;27,632
2014-06-15;23,92
2014-06-16;30,231
2014-06-17;29,089
2014-06-18;29,479
2014-06-19;26,651
2014-06-20;17,95
2014-06-21;29,67
2014-06-22;27,66
2014-06-23;23,16
2014-06-24;16,289
2014-06-25;20,389
2014-06-26;30,281
2014-06-27;23,9
2014-06-28;25,6
2014-06-29;3,88
2014-06-30;9,748
2014-07-01;28,559
2014-07-02;6,619
2014-07-03;29,2
2014-07-04;19,32
2014-07-05;12,611
2014-07-06;27,611
2014-07-07;20,57
2014-07-08;4,851
2014-07-09;5,24
2014-07-10;7,359
2014-07-11;17,992
2014-07-12;16,539
2014-07-13;14,839
2014-07-14;18,389
2014-07-15;27,91
2014-07-16;27,468
2014-07-17;27,23
2014-07-18;27,0
2014-07-19;26,091
2014-07-20;18,44
2014-07-21;5,62
2014-07-22;4,831
2014-07-23;22,25
2014-07-24;21,891
2014-07-25;26,569
2014-07-26;4,37
2014-07-27;5,91
2014-07-28;24,289
2014-07-29;13,561
2014-07-30;5,801
2014-07-31;20,151
2014-08-01;16,739
2014-08-02;15,409
2014-08-03;22,811
2014-08-04;22,038
2014-08-05;16,579
2014-08-06;24,76
2014-08-07;19,2
2014-08-08;23,67
2014-08-09;13,94
2014-08-10;18,85
2014-08-11;5,131
2014-08-12;20,649
2014-08-13;2,939
2014-08-14;14,859
2014-08-15;10,851
2014-08-16;11,1
2014-08-17;24,261
2014-08-18;22,239
2014-08-19;18,4
2014-08-20;7,86
2014-08-21;20,879
2014-08-22;20,16
2014-08-23;10,871
2014-08-24;17,079
2014-08-25;13,899
2014-08-26;4,73
2014-08-27;10,589
2014-08-28;22,639
2014-08-29;10,739
2014-08-30;14,661
2014-08-31;6,011
2014-09-01;7,08
2014-09-02;12,999
2014-09-03;18,83
2014-09-04;17,021
2014-09-05;14,699
2014-09-06;15,441
2014-09-07;19,851
2014-09-08;18,189
2014-09-09;14,921
2014-09-10;10,81
2014-09-11;9,269
2014-09-12;4,851
2014-09-13;12,751
2014-09-14;18,1
2014-09-15;18,389
2014-09-16;17,549
2014-09-17;18,06
2014-09-18;14,56
2014-09-19;13,792
2014-09-20;9,64
2014-09-21;7,77
2014-09-22;8,12
2014-09-23;17,871
2014-09-24;15,66
2014-09-25;6,871
2014-09-26;11,35
2014-09-27;15,869
2014-09-28;13,919
2014-09-29;14,921
2014-09-30;5,052
2014-10-01;10,299
2014-10-02;12,529
2014-10-03;7,75
2014-10-04;7,05
2014-10-05;14,621
2014-10-06;13,55
2014-10-07;12,68
2014-10-08;9,94
2014-10-09;13,44
2014-10-10;10,711
2014-10-11;7,27
2014-10-12;11,891
2014-10-13;1,889
2014-10-14;11,78
2014-10-15;10,209
2014-10-16;4,121
2014-10-17;5,21
2014-10-18;12,01
2014-10-19;11,45
2014-10-20;8,19
2014-10-21;6,011
2014-10-22;2,03
2014-10-23;1,899
2014-10-24;11,11
2014-10-25;6,149
2014-10-26;11,57
2014-10-27;8,339
2014-10-28;10,729
2014-10-29;9,929
2014-10-30;6,222
2014-10-31;9,719
2014-11-01;7,05
2014-11-02;6,691
2014-11-03;9,42
2014-11-04;4,78
2014-11-05;1,76
2014-11-06;3,8
2014-11-07;6,709
2014-11-08;10,01
2014-11-09;8,469
2014-11-10;4,461
2014-11-11;3,29
2014-11-12;1,501
2014-11-13;4,851
2014-11-14;4,141
2014-11-15;3,329
2014-11-16;5,92
2014-11-17;3,08
2014-11-18;1,878
2014-11-19;5,12
2014-11-20;7,059
2014-11-21;3,851
2014-11-22;3,419
2014-11-23;2,21
2014-11-24;2,99
2014-11-25;2,159
2014-11-26;2,099
2014-11-27;0,86
2014-11-28;3,571
2014-11-29;1,46
2014-11-30;1,119
2014-12-01;0,91
2014-12-02;1,149
2014-12-03;1,238
2014-12-04;1,091
2014-12-05;0,79
2014-12-06;2,25
2014-12-07;1,22
2014-12-08;1,36
2014-12-09;2,07
2014-12-10;1,92
2014-12-11;1,371
2014-12-12;5,321
2014-12-13;5,021
2014-12-14;2,239
2014-12-15;0,889
2014-12-16;0,91
2014-12-17;1,94
2014-12-18;0,958
2014-12-19;3,698
2014-12-20;2,698
2014-12-21;4,931
2014-12-22;5,68
2014-12-23;5,341
2014-12-24;3,831
2014-12-25;0,979
2014-12-26;0,249
2015-01-04;3,13
2015-01-05;5,42
2015-01-06;5,281
2015-01-07;3,049
2015-01-08;3,89
2015-01-09;1,419
2015-01-10;6,13
2015-01-11;3,15
2015-01-12;4,8
2015-01-13;6,98
2015-01-14;1,401
2015-01-15;6,502
2015-01-16;3,389
2015-01-17;1,309
2015-01-18;4,712
2015-01-19;7,338
2015-01-20;2,749
2015-01-21;5,052
2015-01-22;0,79
2015-01-23;1,76
2015-01-24;1,491
2015-01-25;1,329
2015-01-26;6,581
2015-01-27;0,23
2015-01-28;1,228
2015-01-29;0,841
2015-01-30;2,261
2015-01-31;4,411
2015-02-01;0,899
2015-02-02;3,951
2015-02-03;0,23
2015-02-04;0,139
2015-02-05;0,099
2015-02-06;0,55
2015-02-07;1,741
2015-02-08;0,049
2015-02-09;0,031
2015-02-10;1,18
2015-02-11;0,581
2015-02-12;0,52
2015-02-13;2,528
2015-02-14;2,099
2015-02-15;1,628
2015-02-16;4,51
2015-02-17;1,93
2015-02-18;2,999
2015-02-19;11,799
2015-02-20;11,51
2015-02-21;6,28
2015-02-22;3,389
2015-02-23;4,111
2015-02-24;5,33
2015-02-25;7,39
2015-02-26;13,529
2015-02-27;2,279
2015-02-28;10,31
2015-03-01;4,192
2015-03-02;3,259
2015-03-03;14,981
2015-03-04;6,14
2015-03-05;4,411
2015-03-06;15,21
2015-03-07;14,641
2015-03-08;15,089
2015-03-09;15,43
2015-03-10;14,91
2015-03-11;9,21
2015-03-12;10,068
2015-03-13;16,329
2015-03-14;16,638
2015-03-15;15,749
2015-03-16;10,278
2015-03-17;11,311
2015-03-18;15,809
2015-03-19;16,34
2015-03-20;14,691
2015-03-21;3,8
2015-03-22;9,758
2015-03-23;16,089
2015-03-24;18,479
2015-03-25;12,92
2015-03-26;4,171
2015-03-27;9,97
2015-03-28;20,061
2015-03-29;4,441
2015-03-30;5,71
2015-03-31;7,691
2015-04-01;7,469
2015-04-02;3,02
2015-04-03;22,21
2015-04-04;5,471
2015-04-05;15,229
2015-04-06;12,88
2015-04-07;20,75
2015-04-08;23,649
2015-04-09;18,63
2015-04-10;18,38
2015-04-11;11,13
2015-04-12;21,252
2015-04-13;17,37
2015-04-14;21,85
2015-04-15;20,679
2015-04-16;18,489
2015-04-17;3,47
2015-04-18;13,839
2015-04-19;19,861
2015-04-20;20,019
2015-04-21;19,92
2015-04-22;23,119
2015-04-23;23,97
2015-04-24;19,89
2015-04-25;13,4
2015-04-26;20,89
2015-04-27;19,16
2015-04-28;4,821
2015-04-29;24,209
2015-04-30;16,739
2015-05-01;4,45
2015-05-02;10,209
2015-05-03;5,95
2015-05-04;14,349
2015-05-05;15,449
2015-05-06;14,34
2015-05-07;24,34
2015-05-08;23,599
2015-05-09;11,76
2015-05-10;24,83
2015-05-11;24,308
2015-05-12;24,098
2015-05-13;21,61
2015-05-14;25,432
2015-05-15;3,329
2015-05-16;17,661
2015-05-17;24,09
2015-05-18;22,95
2015-05-19;5,141
2015-05-20;5,631
2015-05-21;7,5
2015-05-22;9,22
2015-05-23;10,459
2015-05-24;19,53
2015-05-25;17,992
2015-05-26;11,292
2015-05-27;24,219
2015-05-28;25,721
2015-05-29;24,812
2015-05-30;18,702
2015-05-31;26,651
2015-06-01;19,998
2015-06-02;24,019
2015-06-03;23,47
2015-06-04;23,22
2015-06-05;24,06
2015-06-06;20,58
2015-06-07;23,569
2015-06-08;18,46
2015-06-09;7,329
2015-06-10;25,462
2015-06-11;27,521
2015-06-12;22,86
2015-06-13;26,39
2015-06-14;20,361
2015-06-15;8,271
2015-06-16;14,611
2015-06-17;29,07
2015-06-18;11,54
2015-06-19;14,29
2015-06-20;9,159
2015-06-21;11,13
2015-06-22;19,57
2015-06-23;18,27
2015-06-24;23,249
2015-06-25;23,649
2015-06-26;23,239
2015-06-27;17,111
2015-06-28;24,479
2015-06-29;25,399
2015-06-30;22,51
2015-07-01;21,42
2015-07-02;21,96
2015-07-03;23,769
2015-07-04;22,811
2015-07-05;22,52
2015-07-06;25,65
2015-07-07;25,721
2015-07-08;10,141
2015-07-09;17,099
2015-07-10;22,811
2015-07-11;23,769
2015-07-12;22,11
2015-07-13;15,4
2015-07-14;24,738
2015-07-15;22,14
2015-07-16;25,99
2015-07-17;17,36
2015-07-18;14,279
2015-07-19;23,788
2015-07-20;24,241
2015-07-21;21,262
2015-07-22;21,098
2015-07-23;9,91
2015-07-24;19,811
2015-07-25;8,091
2015-07-26;21,13
2015-07-27;13,271
2015-07-28;8,869
2015-07-29;9,89
2015-07-30;18,03
2015-07-31;22,68
2015-08-01;13,691
2015-08-02;21,748
2015-08-03;23,44
2015-08-04;19,271
2015-08-05;19,77
2015-08-06;23,458
2015-08-07;19,11
2015-08-08;21,441
2015-08-09;19,35
2015-08-10;23,278
2015-08-11;20,879
2015-08-12;22,36
2015-08-13;19,081
2015-08-14;13,691
2015-08-15;7,031
2015-08-16;8,699
2015-08-17;15,321
2015-08-18;19,281
2015-08-19;3,782
2015-08-20;20,381
2015-08-21;22,02
2015-08-22;18,522
2015-08-23;15,58
2015-08-24;16,119
2015-08-25;18,63
2015-08-26;18,359
2015-08-27;20,48
2015-08-28;20,361
2015-08-29;18,189
2015-08-30;17,25
2015-08-31;16,769
2015-09-01;11,421
2015-09-02;13,111
2015-09-03;5,65
2015-09-04;18,242
2015-09-05;7,329
2015-09-06;8,07
2015-09-07;19,24
2015-09-08;20,21
2015-09-09;19,23
2015-09-10;12,37
2015-09-11;14,321
2015-09-12;18,561
2015-09-13;6,619
2015-09-14;4,73
2015-09-15;9,719
2015-09-16;11,85
2015-09-17;6,861
2015-09-18;3,929
2015-09-19;11,49
2015-09-20;12,941
2015-09-21;15,511
2015-09-22;9,409
2015-09-23;3,941
2015-09-24;10,719
2015-09-25;16,41
2015-09-26;15,089
2015-09-27;11,48
2015-09-28;12,821
2015-09-29;15,099
2015-09-30;14,632
2015-10-01;15,791
2015-10-02;12,01
2015-10-03;13,859
2015-10-04;10,421
2015-10-05;9,729
2015-10-06;6,931
2015-10-07;6,211
2015-10-08;7,63
2015-10-09;10,549
2015-10-10;3,24
2015-10-11;7,11
2015-10-12;9,269
2015-10-13;2,861
2015-10-14;8,11
2015-10-15;2,021
2015-10-16;4,13
2015-10-17;4,97
2015-10-18;1,491
2015-10-19;6,232
2015-10-20;8,271
2015-10-21;11,599
2015-10-22;9,06
2015-10-23;9,929
2015-10-24;11,971
2015-10-25;7,0
2015-10-26;6,601
2015-10-27;8,37
2015-10-28;5,73
2015-10-29;2,25
2015-10-30;8,72
2015-10-31;5,429
2015-11-01;8,581
2015-11-02;5,111
2015-11-03;3,17
2015-11-04;4,991
2015-11-05;7,649
2015-11-06;7,329
2015-11-07;8,669
2015-11-08;9,559
2015-11-09;5,64
2015-11-10;8,37
2015-11-11;4,821
2015-11-12;2,808
2015-11-13;3,24
2015-11-14;4,32
2015-11-15;4,991
2015-11-16;6,321
2015-11-17;3,069
2015-11-18;8,249
2015-11-19;7,93
2015-11-20;0,821
2015-11-21;2,839
2015-11-22;0,97
2015-11-23;2,089
2015-11-24;7,451
2015-11-25;1,48
2015-11-26;1,84
2015-11-27;6,11
2015-11-28;0,401
2015-11-29;0,79
2015-11-30;2,68
2015-12-01;1,211
2015-12-02;6,041
2015-12-03;1,96
2015-12-04;2,749
2015-12-05;3,14
2015-12-06;2,808
2015-12-07;3,41
2015-12-08;1,681
2015-12-09;0,91
2015-12-10;5,49
2015-12-11;4,301
2015-12-12;4,84
2015-12-13;5,352
2015-12-14;3,41
2015-12-15;2,349
2015-12-16;1,228
2015-12-17;5,372
2015-12-18;3,189
2015-12-19;2,08
2015-12-20;1,85
2015-12-21;0,62
2015-12-22;5,021
2015-12-23;5,0
2015-12-24;3,811
2015-12-25;4,789
2015-12-26;5,12
2015-12-27;3,791
2015-12-28;2,099
2015-12-29;1,721
2015-12-30;3,8
2015-12-31;0,55
2016-01-01;1,741
2016-01-02;1,878
2016-01-03;3,448
2016-01-04;1,39
2016-01-05;1,971
2016-01-06;4,16
2016-01-07;2,739
2016-01-08;1,43
2016-01-09;1,019
2016-01-10;1,35
2016-01-11;1,401
2016-01-12;3,58
2016-01-13;1,889
2016-01-14;2,891
2016-01-15;0,95
2016-01-16;0,109
2016-01-17;0,139
2016-01-18;0,319
2016-01-19;0,019
2016-01-21;0,139
2016-01-22;0,95
2016-01-23;2,27
2016-01-24;5,24
2016-01-25;7,61
2016-01-26;6,149
2016-01-27;7,249
2016-01-28;4,001
2016-01-29;5,03
2016-01-30;8,11
2016-01-31;0,958
2016-02-01;4,991
2016-02-02;7,181
2016-02-03;0,91
2016-02-04;2,61
2016-02-05;3,88
2016-02-06;5,591
2016-02-07;2,749
2016-02-08;8,321
2016-02-09;3,519
2016-02-10;2,999
2016-02-11;10,569
2016-02-12;10,268
2016-02-13;5,76
2016-02-14;7,031
2016-02-15;4,712
2016-02-16;3,74
2016-02-17;1,829
2016-02-18;10,762
2016-02-19;3,17
2016-02-20;2,61
2016-02-21;5,631
2016-02-22;9,748
2016-02-23;4,171
2016-02-24;10,661
2016-02-25;0,77
2016-02-26;12,88
2016-02-27;11,76
2016-02-28;8,14
2016-02-29;1,46
2016-03-01;0,8
2016-03-02;4,619
2016-03-03;5,0
2016-03-04;10,01
2016-03-05;1,439
2016-03-06;12,68
2016-03-07;12,499
2016-03-08;9,42
2016-03-09;13,899
2016-03-10;15,39
2016-03-11;14,021
2016-03-12;4,39
2016-03-13;10,729
2016-03-14;12,109
2016-03-15;6,761
2016-03-16;14,87
2016-03-17;15,62
2016-03-18;15,898
2016-03-19;16,201
2016-03-20;15,089
2016-03-21;8,291
2016-03-22;16,31
2016-03-23;8,972
2016-03-24;13,009
2016-03-25;5,611
2016-03-26;18,961
2016-03-27;8,528
2016-03-28;12,24
2016-03-29;9,31
2016-03-30;7,79
2016-03-31;17,96
2016-04-01;11,09
2016-04-02;16,289
2016-04-03;17,499
2016-04-04;17,929
2016-04-05;13,32
2016-04-06;10,35
2016-04-07;3,41
2016-04-08;4,15
2016-04-09;7,741
2016-04-10;21,69
2016-04-11;20,071
2016-04-12;20,41
2016-04-13;9,109
2016-04-14;9,771
2016-04-15;7,359
2016-04-16;13,36
2016-04-17;3,1
2016-04-18;3,851
2016-04-19;17,83
2016-04-20;22,489
2016-04-21;22,458
2016-04-22;21,221
2016-04-23;5,549
2016-04-24;10,249
2016-04-25;17,52
2016-04-26;9,3
2016-04-27;21,759
2016-04-28;16,712
2016-04-29;24,84
2016-04-30;18,17
2016-05-01;2,97
2016-05-02;9,109
2016-05-03;14,26
2016-05-04;25,959
2016-05-05;20,961
2016-05-06;20,78
2016-05-07;20,741
2016-05-08;19,25
2016-05-09;23,368
2016-05-10;16,07
2016-05-11;15,15
2016-05-12;3,861
2016-05-13;4,141
2016-05-14;10,19
2016-05-15;12,1
2016-05-16;9,079
2016-05-17;14,321
2016-05-18;21,252
2016-05-19;8,33
2016-05-20;25,99
2016-05-21;26,569
2016-05-22;20,57
2016-05-23;4,84
2016-05-24;7,62
2016-05-25;23,249
2016-05-26;22,86
2016-05-27;26,041
2016-05-28;17,969
2016-05-29;10,151
2016-05-30;11,45
2016-05-31;22,01
2016-06-01;21,4
2016-06-02;11,181
2016-06-03;20,69
2016-06-04;13,07
2016-06-05;13,639
2016-06-06;25,101
2016-06-07;22,41
2016-06-08;8,899
2016-06-09;8,93
2016-06-10;22,321
2016-06-11;12,529
2016-06-12;10,882
2016-06-13;8,859
2016-06-14;12,181
2016-06-15;21,441
2016-06-16;6,331
2016-06-17;19,281
2016-06-18;18,969
2016-06-19;11,159
2016-06-20;25,281
2016-06-21;12,801
2016-06-22;26,479
2016-06-23;21,748
2016-06-24;26,1
2016-06-25;16,18
2016-06-26;6,931
2016-06-27;25,09
2016-06-28;27,4
2016-06-29;23,44
2016-06-30;14,301
2016-07-01;24,529
2016-07-02;5,64
2016-07-03;21,459
2016-07-04;23,45
2016-07-05;24,231
2016-07-06;22,161
2016-07-07;22,52
2016-07-08;24,93
2016-07-09;19,702
2016-07-10;23,689
2016-07-11;17,111
2016-07-12;5,29
2016-07-13;7,79
2016-07-14;12,741
2016-07-15;16,06
2016-07-16;25,812
2016-07-17;24,438
2016-07-18;21,069
2016-07-19;20,631
2016-07-20;20,081
2016-07-21;20,612
2016-07-22;14,719
2016-07-23;13,809
2016-07-24;23,721
2016-07-25;18,59
2016-07-26;23,93
2016-07-27;13,06
2016-07-28;22,131
2016-07-29;22,048
2016-07-30;18,47
2016-07-31;9,63
2016-08-01;17,099
2016-08-02;15,449
2016-08-03;18,27
2016-08-04;18,771
2016-08-05;4,291
2016-08-06;21,739
2016-08-07;18,771
2016-08-08;21,871
2016-08-09;4,37
2016-08-10;3,609
2016-08-11;22,1
2016-08-12;9,84
2016-08-13;17,81
2016-08-14;17,82
2016-08-15;18,489
2016-08-16;17,67
2016-08-17;16,95
2016-08-18;13,22
2016-08-19;19,75
2016-08-20;7,12
2016-08-21;10,58
2016-08-22;20,3
2016-08-23;17,189
2016-08-24;17,06
2016-08-25;17,089
2016-08-26;17,489
2016-08-27;16,59
2016-08-28;18,88
2016-08-29;5,901
2016-08-30;16,279
2016-08-31;18,47
2016-09-01;16,629
2016-09-02;18,052
2016-09-03;16,459
2016-09-04;8,869
2016-09-05;8,8
2016-09-06;17,69
2016-09-07;16,739
2016-09-08;15,821
2016-09-09;15,909
2016-09-10;15,459
2016-09-11;17,099
2016-09-12;15,229
2016-09-13;15,341
2016-09-14;14,96
2016-09-15;6,819
2016-09-16;9,97
2016-09-17;9,87
2016-09-18;4,591
2016-09-19;2,631
2016-09-20;11,83
2016-09-21;9,409
2016-09-22;14,049
2016-09-23;12,161
2016-09-24;14,09
2016-09-25;13,881
2016-09-26;15,061
2016-09-27;10,772
2016-09-28;14,359
2016-09-29;13,15
2016-09-30;13,511
2016-10-01;10,75
2016-10-02;2,508
2016-10-03;8,321
2016-10-04;12,3
2016-10-05;9,3
2016-10-06;13,189
2016-10-07;9,659
2016-10-08;3,591
2016-10-09;9,619
2016-10-10;7,519
2016-10-11;8,66
2016-10-12;11,691
2016-10-13;9,329
2016-10-14;5,1
2016-10-15;6,429
2016-10-16;11,311
2016-10-17;6,89
2016-10-18;3,551
2016-10-19;5,131
2016-10-20;5,789
2016-10-21;3,279
2016-10-22;9,119
2016-10-23;3,91
2016-10-24;7,469
2016-10-25;1,82
2016-10-26;2,5
2016-10-27;7,17
2016-10-28;8,39
2016-10-29;8,091
2016-10-30;8,249
2016-10-31;4,03
2016-11-01;6,211
2016-11-02;3,34
2016-11-03;8,429
2016-11-04;8,16
2016-11-05;3,29
2016-11-06;0,64
2016-11-07;4,181
2016-11-08;6,7
2016-11-09;4,749
2016-11-10;4,051
2016-11-11;4,789
2016-11-12;4,549
2016-11-13;3,672
2016-11-14;1,35
2016-11-15;5,31
2016-11-16;2,669
2016-11-17;2,76
2016-11-18;2,6
2016-11-19;0,719
2016-11-20;5,539
2016-11-21;1,61
2016-11-22;0,988
2016-11-23;2,739
2016-11-24;3,179
2016-11-25;3,2
2016-11-26;1,261
2016-11-27;1,18
2016-11-28;4,549
2016-11-29;3,379
2016-11-30;6,089
2016-12-01;4,039
2016-12-02;5,78
2016-12-03;5,83
2016-12-04;5,461
2016-12-05;2,59
2016-12-06;2,189
2016-12-07;3,763
2016-12-08;2,57
2016-12-09;3,229
2016-12-10;5,0
2016-12-11;1,78
2016-12-12;3,73
2016-12-13;2,59
2016-12-14;4,851
2016-12-15;1,71
2016-12-16;1,36
2016-12-17;2,07
2016-12-18;2,45
2016-12-19;2,92
2016-12-20;3,1
2016-12-21;1,38
2016-12-22;1,261
2016-12-23;4,27
2016-12-24;2,631
2016-12-25;2,0
2016-12-26;4,291
2016-12-27;3,88
2016-12-28;5,09
2016-12-29;4,941
2016-12-30;2,549
2016-12-31;2,01
2017-01-01;1,659
2017-01-02;3,861
2017-01-03;0,271
2017-01-05;0,019
2017-01-06;0,12
2017-01-07;0,049
2017-01-09;0,019
2017-01-11;0,019
2017-01-12;1,75
2017-01-13;2,939
2017-01-14;0,979
2017-01-15;0,069
2017-01-17;0,019
2017-01-18;0,031
2017-01-19;0,049
2017-01-25;0,06
2017-01-26;0,13
2017-01-27;0,149
2017-01-28;0,2
2017-01-29;0,51
2017-01-30;1,16
2017-01-31;1,071
2017-02-01;2,049
2017-02-02;4,23
2017-02-03;3,29
2017-02-04;4,37
2017-02-05;3,049
2017-02-06;5,01
2017-02-07;6,158
2017-02-08;2,2
2017-02-09;3,782
2017-02-10;5,131
2017-02-11;3,259
2017-02-12;7,181
2017-02-13;8,39
2017-02-14;4,951
2017-02-15;5,98
2017-02-16;10,35
2017-02-17;1,129
2017-02-18;10,629
2017-02-19;9,07
2017-02-20;7,68
2017-02-21;1,2
2017-02-22;6,54
2017-02-23;9,6
2017-02-24;4,58
2017-02-25;12,331
2017-02-26;8,099
2017-02-27;12,582
2017-02-28;4,16
2017-03-01;5,079
2017-03-02;7,879
2017-03-03;13,22
2017-03-04;10,36
2017-03-05;13,07
2017-03-06;6,34
2017-03-07;4,23
2017-03-08;9,2
2017-03-09;1,829
2017-03-10;14,67
2017-03-11;14,12
2017-03-12;15,179
2017-03-13;14,76
2017-03-14;13,99
2017-03-15;14,491
2017-03-16;14,37
2017-03-17;13,41
2017-03-18;1,529
2017-03-19;5,96
2017-03-20;11,98
2017-03-21;9,949
2017-03-22;2,518
2017-03-23;17,159
2017-03-24;12,769
2017-03-25;16,989
2017-03-26;10,02
2017-03-27;17,911
2017-03-28;17,538
2017-03-29;16,07
2017-03-30;16,16
2017-03-31;16,6
2017-04-01;11,59
2017-04-02;17,761
2017-04-03;18,29
2017-04-04;11,12
2017-04-05;15,42
2017-04-06;13,231
2017-04-07;19,019
2017-04-08;17,98
2017-04-09;16,909
2017-04-10;20,71
2017-04-11;14,999
2017-04-12;19,631
2017-04-13;9,569
2017-04-14;16,712
2017-04-15;7,989
2017-04-16;2,27
2017-04-17;9,06
2017-04-18;7,61
2017-04-19;13,511
2017-04-20;19,45
2017-04-21;18,941
2017-04-22;19,441
2017-04-23;20,559
2017-04-24;19,222
2017-04-25;7,77
2017-04-26;5,519
2017-04-27;6,39
2017-04-28;6,1
2017-04-29;23,09
2017-04-30;23,499
2017-05-01;4,001
2017-05-02;22,08
2017-05-03;17,401
2017-05-04;13,89
2017-05-05;24,279
2017-05-06;12,592
2017-05-07;4,441
2017-05-08;2,819
2017-05-09;18,252
2017-05-10;21,009
2017-05-11;15,072
2017-05-12;20,641
2017-05-13;15,59
2017-05-14;16,739
2017-05-15;20,501
2017-05-16;22,771
2017-05-17;20,229
2017-05-18;23,9
2017-05-19;7,02
2017-05-20;23,368
2017-05-21;18,351
2017-05-22;21,479
2017-05-23;22,551
2017-05-24;20,381
2017-05-25;24,912
2017-05-26;21,861
2017-05-27;20,389
2017-05-28;20,631
2017-05-29;20,669
2017-05-30;24,269
2017-05-31;25,411
2017-06-01;22,01
2017-06-02;21,24
2017-06-03;24,449
2017-06-04;12,582
2017-06-05;8,459
2017-06-06;4,181
2017-06-07;20,16
2017-06-08;23,108
2017-06-09;17,94
2017-06-10;26,21
2017-06-11;26,14
2017-06-12;15,67
2017-06-13;26,462
2017-06-14;18,07
2017-06-15;21,78
2017-06-16;19,461
2017-06-17;27,321
2017-06-18;22,311
2017-06-19;24,902
2017-06-20;25,432
2017-06-21;19,33
2017-06-22;20,981
2017-06-23;19,05
2017-06-24;13,501
2017-06-25;11,401
2017-06-26;24,361
2017-06-27;21,469
2017-06-28;16,73
2017-06-29;16,431
2017-06-30;23,41
2017-07-01;15,321
2017-07-02;5,24
2017-07-03;18,941
2017-07-04;21,971
2017-07-05;20,71
2017-07-06;23,491
2017-07-07;19,14
2017-07-08;21,5
2017-07-09;14,27
2017-07-10;16,01
2017-07-11;14,161
2017-07-12;18,72
2017-07-13;26,39
2017-07-14;12,38
2017-07-15;20,559
2017-07-16;25,34
2017-07-17;20,501
2017-07-18;19,56
2017-07-19;23,16
2017-07-20;11,599
2017-07-21;18,489
2017-07-22;24,63
2017-07-23;7,6
2017-07-24;7,59
2017-07-25;8,33
2017-07-26;4,071
2017-07-27;11,702
2017-07-28;9,492
2017-07-29;20,961
2017-07-30;18,811
2017-07-31;16,739
2017-08-01;21,43
2017-08-02;20,34
2017-08-03;18,6
2017-08-04;18,2
2017-08-05;21,021
2017-08-06;8,14
2017-08-07;20,879
2017-08-08;10,641
2017-08-09;17,44
2017-08-10;3,708
2017-08-11;4,39
2017-08-12;10,558
2017-08-13;21,93
2017-08-14;22,699
2017-08-15;17,661
2017-08-16;20,84
2017-08-17;19,47
2017-08-18;20,16
2017-08-19;10,75
2017-08-20;21,299
2017-08-21;16,269
2017-08-22;19,501
2017-08-23;15,78
2017-08-24;17,069
2017-08-25;17,549
2017-08-26;18,479
2017-08-27;12,25
2017-08-28;17,73
2017-08-29;16,669
2017-08-30;17,448
2017-08-31;1,721
2017-09-01;6,12
2017-09-02;6,512
2017-09-03;15,649
2017-09-04;16,83
2017-09-05;14,75
2017-09-06;6,88
2017-09-07;11,45
2017-09-08;17,219
2017-09-09;3,8
2017-09-10;11,052
2017-09-11;9,428
2017-09-12;7,299
2017-09-13;4,08
2017-09-14;2,539
2017-09-15;13,809
2017-09-16;11,702
2017-09-17;11,48
2017-09-18;11,789
2017-09-19;6,11
2017-09-20;8,02
2017-09-21;16,039
2017-09-22;15,21
2017-09-23;14,161
2017-09-24;13,031
2017-09-25;15,049
2017-09-26;12,97
2017-09-27;12,741
2017-09-28;11,391
2017-09-29;8,07
2017-09-30;11,65
2017-10-01;9,819
2017-10-02;6,35
2017-10-03;6,36
2017-10-04;11,331
2017-10-05;14,249
2017-10-06;6,49
2017-10-07;13,48
2017-10-08;2,59
2017-10-09;5,03
2017-10-10;11,21
2017-10-11;12,029
2017-10-12;10,001
2017-10-13;11,581
2017-10-14;11,911
2017-10-15;9,89
2017-10-16;10,03
2017-10-17;11,36
2017-10-18;9,19
2017-10-19;10,369
2017-10-20;10,038
2017-10-21;6,8
2017-10-22;5,29
2017-10-23;1,529
2017-10-24;8,602
2017-10-25;9,709
2017-10-26;8,619
2017-10-27;1,648
2017-10-28;6,761
2017-10-29;2,45
2017-10-30;8,602
2017-10-31;8,999
2017-11-01;7,249
2017-11-02;7,488
2017-11-03;8,92
2017-11-04;7,1
2017-11-05;0,581
2017-11-06;2,5
2017-11-07;4,811
2017-11-08;2,0
2017-11-09;2,261
2017-11-10;1,71
2017-11-11;1,989
2017-11-12;2,021
2017-11-13;1,648
2017-11-14;8,051
2017-11-15;8,091
2017-11-16;1,28
2017-11-17;2,78
2017-11-18;1,75
2017-11-19;2,68
2017-11-20;2,64
2017-11-21;2,289
2017-11-22;6,969
2017-11-23;5,93
2017-11-24;5,439
2017-11-25;0,74
2017-11-26;2,56
2017-11-27;4,471
2017-11-28;3,08
2017-11-29;1,28
2017-11-30;0,68
2017-12-01;5,64
2017-12-02;5,83
2017-12-03;5,2
2017-12-04;0,041
2017-12-05;2,87
2017-12-06;1,971
2017-12-07;3,661
2017-12-08;0,76
2017-12-09;0,439
2017-12-10;0,329
2017-12-11;0,65
2017-12-12;1,28
2017-12-13;4,84
2017-12-14;1,249
2017-12-15;5,321
2017-12-16;1,11
2017-12-17;0,669
2017-12-18;0,271
2017-12-19;0,699
2017-12-20;4,521
2017-12-21;4,16
2017-12-22;1,238
2017-12-23;3,542
2017-12-24;2,4
2017-12-25;1,721
2017-12-26;2,64
2017-12-27;1,628
2017-12-28;0,91
2017-12-29;4,961
2017-12-30;0,821
2017-12-31;5,12
2018-01-01;4,77
2018-01-02;2,04
2018-01-03;0,921
2018-01-04;0,37
2018-01-05;3,29
2018-01-06;4,57
2018-01-07;1,43
2018-01-08;2,929
2018-01-09;4,37
2018-01-10;5,519
2018-01-11;4,97
2018-01-12;1,659
2018-01-13;5,49
2018-01-14;5,079
2018-01-15;5,94
2018-01-16;1,989
2018-01-17;3,851
2018-01-18;2,911
2018-01-19;5,429
2018-01-20;2,861
2018-01-21;1,45
2018-01-22;0,6
2018-01-23;2,87
2018-01-24;7,691
2018-01-25;4,77
2018-01-26;6,419
2018-01-27;5,49
2018-01-28;3,688
2018-01-29;8,04
2018-01-30;5,81
2018-01-31;7,78
2018-02-01;1,329
2018-02-02;4,899
2018-02-03;1,889
2018-02-04;7,249
2018-02-05;5,671
2018-02-06;6,691
2018-02-07;1,669
2018-02-08;2,739
2018-02-09;4,681
2018-02-10;2,689
2018-02-11;2,849
2018-02-12;4,441
2018-02-13;9,1
2018-02-14;9,518
2018-02-15;1,17
2018-02-16;3,21
2018-02-17;1,55
2018-02-18;2,131
2018-02-19;2,739
2018-02-20;2,04
2018-02-21;6,98
2018-02-22;5,539
2018-02-23;3,32
2018-02-24;7,27
2018-02-25;7,59
2018-02-26;9,758
2018-02-27;8,93
2018-02-28;13,32
2018-03-01;4,411
2018-03-02;8,281
2018-03-03;6,959
2018-03-04;13,85
2018-03-05;12,871
2018-03-06;5,76
2018-03-07;4,951
2018-03-08;14,94
2018-03-09;7,54
2018-03-10;3,951
2018-03-11;5,141
2018-03-12;5,66
2018-03-13;5,429
2018-03-14;14,141
2018-03-15;8,14
2018-03-16;8,909
2018-03-17;9,13
2018-03-18;4,431
2018-03-19;3,791
2018-03-20;9,671
2018-03-21;6,449
2018-03-22;16,431
2018-03-23;11,901
2018-03-24;16,349
2018-03-25;17,331
2018-03-26;6,481
2018-03-27;15,331
2018-03-28;6,741
2018-03-29;6,751
2018-03-30;16,289
2018-03-31;7,221
2018-04-01;9,109
2018-04-02;19,39
2018-04-03;8,61
2018-04-04;17,011
2018-04-05;10,61
2018-04-06;21,4
2018-04-07;18,431
2018-04-08;18,941
2018-04-09;7,479
2018-04-10;15,988
2018-04-11;16,82
2018-04-12;15,348
2018-04-13;12,421
2018-04-14;18,58
2018-04-15;12,88
2018-04-16;6,149
2018-04-17;19,88
2018-04-18;17,86
2018-04-19;20,121
2018-04-20;18,21
2018-04-21;19,998
2018-04-22;17,65
2018-04-23;13,511
2018-04-24;13,659
2018-04-25;18,479
2018-04-26;6,26
2018-04-27;18,761
2018-04-28;18,58
2018-04-29;22,499
2018-04-30;22,532
2018-05-01;13,669
2018-05-02;16,519
2018-05-03;8,37
2018-05-04;16,079
2018-05-05;18,512
2018-05-06;22,1
2018-05-07;18,44
2018-05-08;20,141
2018-05-09;21,359
2018-05-10;7,249
2018-05-11;20,501
2018-05-12;21,189
2018-05-13;18,64
2018-05-14;4,84
2018-05-15;10,661
2018-05-16;3,961
2018-05-17;8,699
2018-05-18;25,15
2018-05-19;18,2
2018-05-20;13,741
2018-05-21;21,569
2018-05-22;22,059
2018-05-23;23,278
2018-05-24;20,491
2018-05-25;21,23
2018-05-26;22,08
2018-05-27;22,739
2018-05-28;24,269
2018-05-29;23,569
2018-05-30;20,859
2018-05-31;20,879
2018-06-01;21,262
2018-06-02;22,909
2018-06-03;20,631
2018-06-04;15,511
2018-06-05;22,739
2018-06-06;21,21
2018-06-07;15,981
2018-06-08;17,0
2018-06-09;24,009
2018-06-10;19,99
2018-06-11;17,871
2018-06-12;13,521
2018-06-13;4,672
2018-06-14;27,311
2018-06-15;27,082
2018-06-16;21,84
2018-06-17;19,461
2018-06-18;23,491
2018-06-19;25,121
2018-06-20;21,15
2018-06-21;21,631
2018-06-22;24,991
2018-06-23;24,109
2018-06-24;23,979
2018-06-25;18,221
2018-06-26;25,451
2018-06-27;25,59
2018-06-28;13,819
2018-06-29;24,119
2018-06-30;21,671
2018-07-01;21,78
2018-07-02;22,441
2018-07-03;10,569
2018-07-04;17,079
2018-07-05;8,5
2018-07-06;9,169
2018-07-07;25,3
2018-07-08;21,709
2018-07-09;22,131
2018-07-10;13,59
2018-07-11;16,891
2018-07-12;21,351
2018-07-13;20,991
2018-07-14;22,52
2018-07-15;21,709
2018-07-16;20,76
2018-07-17;21,031
2018-07-18;21,379
2018-07-19;20,501
2018-07-20;18,572
2018-07-21;8,951
2018-07-22;8,04
2018-07-23;18,33
2018-07-24;19,742
2018-07-25;19,82
2018-07-26;19,77
2018-07-27;21,34
2018-07-28;13,782
2018-07-29;19,82
2018-07-30;18,87
2018-07-31;21,271
2018-08-01;19,431
2018-08-02;23,071
2018-08-03;20,991
2018-08-04;19,019
2018-08-05;21,43
2018-08-06;17,089
2018-08-07;13,36
2018-08-08;11,859
2018-08-09;17,911
2018-08-10;11,079
2018-08-11;18,891
2018-08-12;18,011
2018-08-13;10,83
2018-08-14;14,85
2018-08-15;20,71
2018-08-16;17,61
2018-08-17;17,151
2018-08-18;21,031
2018-08-19;20,29
2018-08-20;18,341
2018-08-21;19,931
2018-08-22;18,001
2018-08-23;14,578
2018-08-24;8,602
2018-08-25;2,43
2018-08-26;21,089
2018-08-27;16,779
2018-08-28;18,13
2018-08-29;16,449
2018-08-30;3,311
2018-08-31;3,121
2018-09-01;2,27
2018-09-02;9,492
2018-09-03;12,841
2018-09-04;17,739
2018-09-05;16,928
2018-09-06;11,99
2018-09-07;11,24
2018-09-08;17,992
2018-09-09;17,711
2018-09-10;17,559
2018-09-11;15,21
2018-09-12;16,629
2018-09-13;13,43
2018-09-14;13,76
2018-09-15;15,68
2018-09-16;15,029
2018-09-17;14,719
2018-09-18;12,779
2018-09-19;15,321
2018-09-20;14,188
2018-09-21;11,21
2018-09-22;12,821
2018-09-23;11,031
2018-09-24;9,59
2018-09-25;14,491
2018-09-26;15,58
2018-09-27;14,839
2018-09-28;13,38
2018-09-29;14,021
2018-09-30;13,299
2018-10-01;1,071
2018-10-02;10,549
2018-10-03;5,03
2018-10-04;13,782
2018-10-05;14,12
2018-10-06;9,84
2018-10-07;13,14
2018-10-08;12,491
2018-10-09;11,46
2018-10-10;12,611
2018-10-11;9,819
2018-10-12;11,76
2018-10-13;11,78
2018-10-14;12,25
2018-10-15;11,232
2018-10-16;10,541
2018-10-17;10,701
2018-10-18;8,78
2018-10-19;7,129
2018-10-20;6,9
2018-10-21;6,41
2018-10-22;8,41
2018-10-23;8,249
2018-10-24;2,419
2018-10-25;9,179
2018-10-26;7,329
2018-10-27;1,019
2018-10-28;1,45
2018-10-29;2,749
2018-10-30;2,99
2018-10-31;2,798
2018-11-01;8,051
2018-11-02;6,271
2018-11-03;8,731
2018-11-04;3,542
2018-11-05;6,53
2018-11-06;4,039
2018-11-07;6,9
2018-11-08;5,573
2018-11-09;5,539
2018-11-10;2,651
2018-11-11;6,581
2018-11-12;7,402
2018-11-13;1,84
2018-11-14;2,349
2018-11-15;2,359
2018-11-16;1,8
2018-11-17;6,691
2018-11-18;1,869
2018-11-19;2,849
2018-11-20;6,481
2018-11-21;1,7
2018-11-22;5,91
2018-11-23;2,819
2018-11-24;2,698
2018-11-25;3,329
2018-11-26;1,45
2018-11-27;1,309
2018-11-28;5,372
2018-11-29;4,831
2018-11-30;1,659
2018-12-01;5,76
2018-12-02;0,69
2018-12-03;1,501
2018-12-04;2,441
2018-12-05;2,0
2018-12-06;1,809
2018-12-07;3,681
2018-12-08;2,929
2018-12-09;3,14
2018-12-10;2,518
2018-12-11;2,749
2018-12-12;5,891
2018-12-13;5,801
2018-12-14;2,829
2018-12-15;5,481
2018-12-16;0,089
2018-12-17;1,638
2018-12-18;5,42
2018-12-19;1,401
2018-12-20;4,051
2018-12-21;0,479
2018-12-22;1,93
2018-12-23;0,811
2018-12-24;1,16
2018-12-25;4,97
2018-12-26;3,88
2018-12-27;2,329
2018-12-28;2,4
2018-12-29;0,91
2018-12-30;0,851
2018-12-31;1,129
2019-01-01;2,25
2019-01-02;2,0
2019-01-03;2,749
2019-01-04;3,519
2019-01-05;0,019
2019-01-07;0,41
2019-01-08;0,899
2019-01-09;1,648
2019-01-14;2,04
2019-01-15;1,55
2019-01-16;6,741
2019-01-17;1,98
2019-01-18;5,93
2019-01-19;6,68
2019-01-20;4,629
2019-01-21;3,359
2019-01-22;7,57
2019-01-23;6,709
2019-01-24;1,899
2019-01-25;4,27
2019-01-26;2,839
2019-01-27;3,14
2019-01-28;3,47
2019-01-29;7,691
2019-01-30;5,03
2019-01-31;3,681
2019-02-01;2,6
2019-02-02;5,258
2019-02-03;0,729
2019-02-05;0,049
2019-02-06;0,01
2019-02-07;0,019
2019-02-08;8,44
2019-02-09;2,518
2019-02-10;6,969
2019-02-11;3,782
2019-02-12;4,471
2019-02-13;10,038
2019-02-14;10,772
2019-02-15;10,259
2019-02-16;10,31
2019-02-17;10,558
2019-02-18;10,49
2019-02-19;10,729
2019-02-20;8,74
2019-02-21;10,81
2019-02-22;3,302
2019-02-23;12,13
2019-02-24;10,121
2019-02-25;11,799
2019-02-26;12,83
2019-02-27;12,0
2019-02-28;11,12
2019-03-01;1,829
2019-03-02;4,311
2019-03-03;12,0
2019-03-04;5,0
2019-03-05;7,19
2019-03-06;10,01
2019-03-07;2,929
2019-03-08;4,789
2019-03-09;5,789
2019-03-10;7,879
2019-03-11;5,461
2019-03-12;15,061
2019-03-13;9,159
2019-03-14;3,87
2019-03-15;1,638
2019-03-16;15,321
2019-03-17;14,321
2019-03-18;9,89
2019-03-19;13,251
2019-03-20;17,13
2019-03-21;15,698
2019-03-22;15,879
2019-03-23;15,791
2019-03-24;15,62
2019-03-25;9,81
2019-03-26;15,929
2019-03-27;15,28
2019-03-28;17,179
2019-03-29;17,67
2019-03-30;17,37
2019-03-31;17,36
2019-04-01;18,79
2019-04-02;16,41
2019-04-03;16,481
2019-04-04;2,708
2019-04-05;17,508
2019-04-06;16,18
2019-04-07;16,891
2019-04-08;11,59
2019-04-09;12,741
2019-04-10;4,8
2019-04-11;5,88
2019-04-12;12,79
2019-04-13;13,32
2019-04-14;3,821
2019-04-15;19,09
2019-04-16;19,97
2019-04-17;19,97
2019-04-18;18,16
2019-04-19;18,59
2019-04-20;18,07
2019-04-21;18,802
2019-04-22;17,099
2019-04-23;12,999
2019-04-24;17,921
2019-04-25;14,769
2019-04-26;4,259
2019-04-27;9,501
2019-04-28;12,119
2019-04-29;9,29
2019-04-30;6,9
2019-05-01;22,989
2019-05-02;16,6
2019-05-03;6,299
2019-05-04;6,35
2019-05-05;10,059
2019-05-06;19,151
2019-05-07;23,47
2019-05-08;9,748
2019-05-09;17,151
2019-05-10;12,201
2019-05-11;4,091
2019-05-12;4,991
2019-05-13;16,649
2019-05-14;22,151
2019-05-15;16,959
2019-05-16;23,788
2019-05-17;23,589
2019-05-18;17,401
2019-05-19;22,928
2019-05-20;2,76
2019-05-21;3,48
2019-05-22;13,189
2019-05-23;24,329
2019-05-24;21,529
2019-05-25;10,03
2019-05-26;20,3
2019-05-27;9,861
2019-05-28;6,949
2019-05-29;9,681
2019-05-30;26,47
2019-05-31;21,93
2019-06-01;21,759
2019-06-02;26,191
2019-06-03;18,739
2019-06-04;25,261
2019-06-05;21,21
2019-06-06;11,799
2019-06-07;26,961
2019-06-08;21,4
2019-06-09;13,76
2019-06-10;13,94
2019-06-11;21,93
2019-06-12;13,629
2019-06-13;26,972
2019-06-14;21,021
2019-06-15;19,77
2019-06-16;15,639
2019-06-17;21,451
2019-06-18;20,008
2019-06-19;20,791
2019-06-20;16,539
2019-06-21;14,999
2019-06-22;13,271
2019-06-23;23,269
2019-06-24;19,981
2019-06-25;21,369
2019-06-26;21,529
2019-06-27;20,78
2019-06-28;25,95
2019-06-29;23,08
2019-06-30;21,671
2019-07-01;19,11
2019-07-02;22,1
2019-07-03;17,98
2019-07-04;21,529
2019-07-05;23,839
2019-07-06;16,501
2019-07-07;15,68
2019-07-08;11,021
2019-07-09;17,881
2019-07-10;25,73
2019-07-11;11,911
2019-07-12;7,6
2019-07-13;18,232
2019-07-14;21,891
2019-07-15;21,42
2019-07-16;21,12
2019-07-17;24,289
2019-07-18;18,891
2019-07-19;23,34
2019-07-20;21,221
2019-07-21;15,14
2019-07-22;22,431
2019-07-23;20,17
2019-07-24;20,859
2019-07-25;19,88
2019-07-26;18,931
2019-07-27;16,6
2019-07-28;3,379
2019-07-29;22,14
2019-07-30;23,139
2019-07-31;10,49
2019-08-01;22,88
2019-08-02;13,72
2019-08-03;18,82
2019-08-04;19,45
2019-08-05;17,039
2019-08-06;5,78
2019-08-07;5,481
2019-08-08;21,29
2019-08-09;21,699
2019-08-10;6,299
2019-08-11;17,911
2019-08-12;4,739
2019-08-13;12,25
2019-08-14;20,92
2019-08-15;12,191
2019-08-16;20,361
2019-08-17;10,19
2019-08-18;20,631
2019-08-19;12,871
2019-08-20;3,089
2019-08-21;16,349
2019-08-22;12,62
2019-08-23;14,67
2019-08-24;19,489
2019-08-25;20,008
2019-08-26;19,09
2019-08-27;16,779
2019-08-28;18,44
2019-08-29;9,64
2019-08-30;16,389
2019-08-31;15,14
2019-09-01;11,37
2019-09-02;3,941
2019-09-03;18,739
2019-09-04;18,351
2019-09-05;2,4
2019-09-06;5,75
2019-09-07;8,972
2019-09-08;4,27
2019-09-09;10,782
2019-09-10;17,099
2019-09-11;16,62
2019-09-12;17,53
2019-09-13;16,73
2019-09-14;15,43
2019-09-15;16,839
2019-09-16;14,611
2019-09-17;16,03
2019-09-18;11,2
2019-09-19;15,791
2019-09-20;15,16
2019-09-21;14,539
2019-09-22;11,431
2019-09-23;3,89
2019-09-24;8,42
2019-09-25;7,43
2019-09-26;3,929
2019-09-27;12,941
2019-09-28;11,46
2019-09-29;13,93
2019-09-30;10,121
2019-10-01;13,189
2019-10-02;6,502
2019-10-03;12,042
2019-10-04;4,359
2019-10-05;3,763
2019-10-06;4,339
2019-10-07;7,95
2019-10-08;5,448
2019-10-09;1,591
2019-10-10;7,32
2019-10-11;12,201
2019-10-12;10,661
2019-10-13;12,3
2019-10-14;11,62
2019-10-15;5,78
2019-10-16;11,232
2019-10-17;11,391
2019-10-18;5,601
2019-10-19;5,16
2019-10-20;6,11
2019-10-21;4,702
2019-10-22;5,321
2019-10-23;7,68
2019-10-24;4,559
2019-10-25;7,02
2019-10-26;6,051
2019-10-27;9,3
2019-10-28;1,92
2019-10-29;1,35
2019-10-30;1,61
2019-10-31;2,72
2019-11-01;3,16
2019-11-02;5,671
2019-11-03;1,69
2019-11-04;5,573
2019-11-05;2,239
2019-11-06;3,791
2019-11-07;4,739
2019-11-08;0,95
2019-11-09;4,281
2019-11-10;7,488
2019-11-11;4,411
2019-11-12;3,631
2019-11-13;3,369
2019-11-14;4,98
2019-11-15;2,441
2019-11-16;5,221
2019-11-17;1,16
2019-11-18;4,37
2019-11-19;2,049
2019-11-20;2,311
2019-11-21;2,27
2019-11-22;2,99
2019-11-23;1,8
2019-11-24;2,56
2019-11-25;1,149
2019-11-26;4,531
2019-11-27;1,659
2019-11-28;2,6
2019-11-29;0,62
2019-11-30;4,39
2019-12-01;2,409
2019-12-02;1,249
2019-12-03;5,81
2019-12-04;3,621
2019-12-05;1,791
2019-12-06;2,95
2019-12-07;0,69
2019-12-08;5,31
2019-12-09;4,481
2019-12-10;4,011
2019-12-11;2,66
2019-12-12;3,179
2019-12-13;3,16
2019-12-14;2,25
2019-12-15;2,47
2019-12-16;3,41
2019-12-17;1,16
2019-12-18;2,9
2019-12-19;2,999
2019-12-20;1,031
2019-12-21;1,43
2019-12-22;2,48
2019-12-23;2,2
2019-12-24;0,69
2019-12-25;1,78
2019-12-26;5,281
2019-12-27;1,22
2019-12-28;1,93
2019-12-29;5,461
2019-12-30;5,052
2019-12-31;1,8
2020-01-01;1,628
2020-01-02;1,261
2020-01-03;2,261
2020-01-04;0,77
2020-01-05;5,471
2020-01-06;4,609
2020-01-07;1,94
2020-01-08;3,941
2020-01-09;5,519
2020-01-10;4,431
2020-01-11;3,58
2020-01-12;5,91
2020-01-13;4,65
2020-01-14;5,052
2020-01-15;6,232
2020-01-16;5,901
2020-01-17;5,021
2020-01-18;2,049
2020-01-19;4,121
2020-01-20;7,04
2020-01-21;6,79
2020-01-22;1,82
2020-01-23;2,289
2020-01-24;2,99
2020-01-25;2,6
2020-01-26;2,239
2020-01-27;6,78
2020-01-28;1,829
2020-01-29;2,148
2020-01-30;7,61
2020-01-31;3,661
2020-02-01;5,91
2020-02-02;1,129
2020-02-03;0,561
2020-02-04;2,6
2020-02-05;5,401
2020-02-06;9,22
2020-02-07;8,82
2020-02-08;9,119
2020-02-09;9,03
2020-02-10;3,861
2020-02-11;5,079
2020-02-12;6,041
2020-02-13;6,18
2020-02-14;4,33
2020-02-15;9,6
2020-02-16;5,581
2020-02-17;7,909
2020-02-18;8,26
2020-02-19;7,488
2020-02-20;9,459
2020-02-21;9,009
2020-02-22;10,671
2020-02-23;2,76
2020-02-24;7,92
2020-02-25;6,861
2020-02-26;8,61
2020-02-27;4,559
2020-02-28;11,691
2020-02-29;6,78
2020-03-01;13,122
2020-03-02;3,34
2020-03-03;5,231
2020-03-04;8,21
2020-03-05;3,069
2020-03-06;3,841
2020-03-07;4,4
2020-03-08;14,249
2020-03-09;5,12
2020-03-10;2,08
2020-03-11;6,13
2020-03-12;7,348
2020-03-13;9,02
2020-03-14;12,529
2020-03-15;15,459
2020-03-16;14,321
2020-03-17;12,161
2020-03-18;14,2
2020-03-19;15,521
2020-03-20;13,529
2020-03-21;5,573
2020-03-22;9,34
2020-03-23;16,891
2020-03-24;16,891
2020-03-25;16,669
2020-03-26;8,081
2020-03-27;15,61
2020-03-28;16,18
2020-03-29;8,79
2020-03-30;9,748
2020-03-31;19,431
2020-04-01;19,31
2020-04-02;17,72
2020-04-03;19,621
2020-04-04;17,81
2020-04-05;18,63
2020-04-06;17,751
2020-04-07;16,979
2020-04-08;16,329
2020-04-09;16,899
2020-04-10;16,799
2020-04-11;17,95
2020-04-12;18,47
2020-04-13;18,691
2020-04-14;18,561
2020-04-15;19,909
2020-04-16;18,431
2020-04-17;17,17
2020-04-18;19,25
2020-04-19;17,288
2020-04-20;14,439
2020-04-21;15,039
2020-04-22;21,529
2020-04-23;20,669
2020-04-24;17,579
2020-04-25;18,29
2020-04-26;18,751
2020-04-27;22,17
2020-04-28;13,561
2020-04-29;10,059
2020-04-30;6,53
2020-05-01;9,978
2020-05-02;10,449
2020-05-03;20,229
2020-05-04;15,879
2020-05-05;2,739
2020-05-06;23,67
2020-05-07;22,451
2020-05-08;18,969
2020-05-09;22,161
2020-05-10;19,151
2020-05-11;7,999
2020-05-12;15,61
2020-05-13;6,601
2020-05-14;6,89
2020-05-15;5,49
2020-05-16;18,561
2020-05-17;21,189
2020-05-18;20,47
2020-05-19;20,849
2020-05-20;18,6
2020-05-21;24,329
2020-05-22;19,869
2020-05-23;10,69
2020-05-24;20,81
2020-05-25;19,47
2020-05-26;20,559
2020-05-27;20,94
2020-05-28;22,03
2020-05-29;21,92
2020-05-30;22,151
2020-05-31;20,58
2020-06-01;25,47
2020-06-02;25,399
2020-06-03;22,96
2020-06-04;6,001
2020-06-05;9,36
2020-06-06;12,999
2020-06-07;4,381
2020-06-08;19,54
2020-06-09;15,939
2020-06-10;4,821
2020-06-11;12,361
2020-06-12;22,979
2020-06-13;20,179
2020-06-14;2,911
2020-06-15;10,8
2020-06-16;16,18
2020-06-17;6,761
2020-06-18;21,189
2020-06-19;10,131
2020-06-20;17,95
2020-06-21;24,83
2020-06-22;19,412
2020-06-23;20,902
2020-06-24;21,529
2020-06-25;20,679
2020-06-26;9,9
2020-06-27;15,929
2020-06-28;15,729
2020-06-29;12,529
2020-06-30;25,3
2020-07-01;19,659
2020-07-02;17,911
2020-07-03;13,241
2020-07-04;24,14
2020-07-05;23,81
2020-07-06;15,229
2020-07-07;22,311
2020-07-08;20,121
2020-07-09;24,149
2020-07-10;19,11
2020-07-11;7,819
2020-07-12;21,089
2020-07-13;24,539
2020-07-14;24,539
2020-07-15;10,509
2020-07-16;5,461
2020-07-17;13,99
2020-07-18;25,131
2020-07-19;19,76
2020-07-20;20,659
2020-07-21;16,62
2020-07-22;20,59
2020-07-23;18,479
2020-07-24;13,959
2020-07-25;19,271
2020-07-26;15,061
2020-07-27;18,311
2020-07-28;16,26
2020-07-29;20,1
2020-07-30;18,341
2020-07-31;20,76
2020-08-01;16,551
2020-08-02;11,536
2020-08-03;5,449
2020-08-04;7,178
2020-08-05;18,091
2020-08-06;20,74
2020-08-07;19,522
2020-08-08;19,164
2020-08-09;18,139
2020-08-10;20,399
2020-08-11;17,391
2020-08-12;17,14
2020-08-13;11,721
2020-08-14;10,734
2020-08-15;19,712
2020-08-16;18,34
2020-08-17;10,429
2020-08-18;14,364
2020-08-19;19,336
2020-08-20;18,587
2020-08-21;15,761
2020-08-22;4,997
2020-08-23;10,164
2020-08-24;13,131
2020-08-25;15,097
2020-08-26;15,308
2020-08-27;14,42
2020-08-28;10,835
2020-08-29;2,567
2020-08-30;1,97
2020-08-31;13,662
2020-09-01;7,961
2020-09-02;15,271
2020-09-03;17,741
2020-09-04;17,872
2020-09-05;14,238
2020-09-06;2,545
2020-09-07;10,381
2020-09-08;17,314
2020-09-09;17,161
2020-09-10;16,397
2020-09-11;15,342
2020-09-12;15,952
2020-09-13;14,555
2020-09-14;15,661
2020-09-15;13,785
2020-09-16;12,962
2020-09-17;14,942
2020-09-18;14,393
2020-09-19;9,311
2020-09-20;14,343
2020-09-21;14,593
2020-09-22;12,147
2020-09-23;6,768
2020-09-24;9,073
2020-09-25;0,899
2020-09-26;2,619
2020-09-27;14,451
2020-09-28;12,217
2020-09-29;2,067
2020-09-30;12,73
2020-10-01;10,232
2020-10-02;4,069
2020-10-03;5,609
2020-10-04;12,323
2020-10-05;7,348
2020-10-06;4,67
2020-10-07;5,219
2020-10-08;8,201
2020-10-09;9,132
2020-10-10;1,97
2020-10-11;9,058
2020-10-12;4,932
2020-10-13;12,043
2020-10-14;11,38
2020-10-15;3,336
2020-10-16;3,499
2020-10-17;6,312
2020-10-18;9,236
2020-10-19;10,38
2020-10-20;8,505
2020-10-21;6,322
2020-10-22;8,424
2020-10-23;3,753
2020-10-24;4,805
2020-10-25;9,195
2020-10-26;0,622
2020-10-27;6,626
2020-10-28;5,511
2020-10-29;1,796
2020-10-30;6,976
2020-10-31;5,234
2020-11-01;2,593
2020-11-02;7,109
2020-11-03;1,351
2020-11-04;3,488
2020-11-05;1,982
2020-11-06;6,451
2020-11-07;4,192
2020-11-08;4,279
2020-11-09;3,929
2020-11-10;2,445
2020-11-11;3,858
2020-11-12;5,655
2020-11-13;7,201
2020-11-14;7,269
2020-11-15;6,176
2020-11-16;5,557
2020-11-17;6,923
2020-11-18;6,517
2020-11-19;1,28
2020-11-20;3,2
2020-11-21;6,484
2020-11-22;5,285
2020-11-23;4,988
2020-11-24;6,011
2020-11-25;1,305
2020-11-26;1,762
2020-11-27;2,381
2020-11-28;0,918
2020-11-29;0,671
2020-11-30;0,963
2020-12-01;0,094
2020-12-02;0,729
2020-12-03;2,688
2020-12-04;4,264
2020-12-05;0,992
2020-12-06;1,121
2020-12-07;0,455
2020-12-08;0,474
2020-12-09;0,25
2020-12-10;3,206
2020-12-11;3,404
2020-12-12;2,43
2020-12-13;1,356
2020-12-14;2,79
2020-12-15;2,288
2020-12-16;4,356
2020-12-17;3,235
2020-12-18;2,412
2020-12-19;1,516
2020-12-20;1,522
2020-12-21;2,015
2020-12-22;3,416
2020-12-23;2,572
2020-12-24;1,89
2020-12-25;0,273
2020-12-26;4,242
2020-12-27;3,354
2020-12-28;0,723
2020-12-29;2,697
2020-12-30;4,073
2020-12-31;3,974
2021-01-01;2,654
2021-01-02;3,763
2021-01-03;0,945
2021-01-04;3,814
2021-01-05;1,082
2021-01-06;0,498
2021-01-07;2,314
2021-01-08;3,03
2021-01-09;5,457
2021-01-10;5,935
2021-01-11;6,151
2021-01-12;0,956
2021-01-13;2,761
2021-01-21;3,045
2021-01-22;5,457
2021-01-23;4,683
2021-01-24;7,083
2021-01-25;1,149
2021-01-26;1,653
2021-01-27;0,728
2021-01-28;1,412
2021-01-29;4,384
2021-01-30;2,488
2021-01-31;2,365
2021-02-01;1,813
2021-02-02;2,167
2021-02-03;1,721
2021-02-04;6,377
2021-02-05;7,936
2021-02-06;2,874
2021-02-07;0,506
2021-02-08;7,476
2021-02-09;1,159
2021-02-10;1,651
2021-02-11;1,03
2021-02-12;1,718
2021-02-13;4,331
2021-02-14;8,176
2021-02-15;6,237
2021-02-16;7,529
2021-02-17;7,767
2021-02-18;7,543
2021-02-19;7,806
2021-02-20;10,491
2021-02-21;11,158
2021-02-22;10,479
2021-02-23;10,048
2021-02-24;10,321
2021-02-25;10,991
2021-02-26;9,865
2021-02-27;2,889
2021-02-28;11,883
2021-03-01;11,909
2021-03-02;12,189
2021-03-03;6,473
2021-03-04;9,32
2021-03-05;1,955
2021-03-06;14,089
2021-03-07;6,674
2021-03-08;12,35
2021-03-09;11,206
2021-03-10;10,026
2021-03-11;6,83
2021-03-12;8,766
2021-03-13;13,317
2021-03-14;8,513
2021-03-15;2,767
2021-03-16;7,072
2021-03-17;6,404
2021-03-18;9,14
2021-03-19;15,09
2021-03-20;16,112
2021-03-21;5,45
2021-03-22;6,301
2021-03-23;17,922
2021-03-24;16,718
2021-03-25;16,57
2021-03-26;17,13
2021-03-27;7,457
2021-03-28;19,699
2021-03-29;18,492
2021-03-30;18,062
2021-03-31;17,094
2021-04-01;19,09
2021-04-02;18,162
2021-04-03;13,439
2021-04-04;19,834
2021-04-05;14,941
2021-04-06;0,843
2021-04-07;6,239
2021-04-08;18,771
2021-04-09;16,656
2021-04-10;16,379
2021-04-11;19,57
2021-04-12;5,211
2021-04-13;18,42
2021-04-14;15,075
2021-04-15;16,191
2021-04-16;18,883
2021-04-17;17,089
2021-04-18;16,695
2021-04-19;21,361
2021-04-20;20,693
2021-04-21;16,903
2021-04-22;21,42
2021-04-23;22,445
2021-04-24;21,537
2021-04-25;22,097
2021-04-26;22,148
2021-04-27;19,81
2021-04-28;17,835
2021-04-29;4,728
2021-04-30;18,654
2021-05-01;2,834
2021-05-02;10,924
2021-05-03;16,807
2021-05-04;14,217
2021-05-05;9,283
2021-05-06;7,213
2021-05-07;7,569
2021-05-08;26,138
2021-05-09;23,562
2021-05-10;14,788
2021-05-11;9,958
2021-05-12;9,174
2021-05-13;12,958
2021-05-14;21,349
2021-05-15;17,701
2021-05-16;10,427
2021-05-17;16,628
2021-05-18;12,0
2021-05-19;12,992
2021-05-20;17,104
2021-05-21;5,832
2021-05-22;18,447
2021-05-23;14,45
2021-05-24;7,632
2021-05-25;17,455
2021-05-26;9,726
2021-05-27;9,758
2021-05-28;21,619
2021-05-29;20,134
2021-05-30;21,266
2021-05-31;20,987
2021-06-01;20,679
2021-06-02;23,02
2021-06-03;23,788
2021-06-04;21,671
2021-06-05;8,351
2021-06-06;6,846
2021-06-07;16,584
2021-06-08;21,377
2021-06-09;20,132
2021-06-10;25,396
2021-06-11;21,308
2021-06-12;22,883
2021-06-13;23,276
2021-06-14;20,493
2021-06-15;25,008
2021-06-16;20,775
2021-06-17;24,631
2021-06-18;20,995
2021-06-19;21,402
2021-06-20;15,809
2021-06-21;20,541
2021-06-22;17,024
2021-06-23;21,727
2021-06-24;16,312
2021-06-25;16,611
2021-06-26;24,672
2021-06-27;25,118
2021-06-28;23,26
2021-06-29;18,825
2021-06-30;10,57
2021-07-01;6,895
2021-07-02;23,339
2021-07-03;16,795
2021-07-04;10,925
2021-07-05;11,886
2021-07-06;20,893
2021-07-07;5,133
2021-07-08;2,631
2021-07-09;14,883
2021-07-10;20,368
2021-07-11;20,009
2021-07-12;23,229
2021-07-13;7,007
2021-07-14;10,773
2021-07-15;6,47
2021-07-16;16,871
2021-07-17;9,136
2021-07-18;10,864
2021-07-19;20,212
2021-07-20;24,004
2021-07-21;19,924
2021-07-22;19,775
2021-07-23;19,452
2021-07-24;15,985
2021-07-25;11,773
2021-07-26;17,909
2021-07-27;20,418
2021-07-28;6,703
2021-07-29;22,578
2021-07-30;19,734
2021-07-31;8,254
2021-08-01;5,897
2021-08-02;17,622
2021-08-03;13,1
2021-08-04;7,872
2021-08-05;11,656
2021-08-06;17,197
2021-08-07;10,66
2021-08-08;5,297
2021-08-09;19,674
2021-08-10;19,026
2021-08-11;20,911
2021-08-12;20,187
2021-08-13;19,691
2021-08-14;16,773
2021-08-15;17,056
2021-08-16;2,162
2021-08-17;16,613
2021-08-18;12,997
2021-08-19;15,686
2021-08-20;19,305
2021-08-21;16,701
2021-08-22;7,48
2021-08-23;16,704
2021-08-24;9,687
2021-08-25;16,986
2021-08-26;12,557
2021-08-27;11,783
2021-08-28;8,25
2021-08-29;3,44
2021-08-30;6,114
2021-08-31;16,502
2021-09-01;19,364
2021-09-02;16,781
2021-09-03;18,749
2021-09-04;17,305
2021-09-05;18,099
2021-09-06;15,824
2021-09-07;17,362
2021-09-08;16,028
2021-09-09;8,343
2021-09-10;15,312
2021-09-11;15,414
2021-09-12;15,889
2021-09-13;17,56
2021-09-14;15,681
2021-09-15;8,959
2021-09-16;7,01
2021-09-17;14,232
2021-09-18;16,703
2021-09-19;2,516
2021-09-20;9,603
2021-09-21;15,257
2021-09-22;12,803
2021-09-23;15,85
2021-09-24;13,967
2021-09-25;13,936
2021-09-26;9,994
2021-09-27;11,919
2021-09-28;6,646
2021-09-29;8,455
2021-09-30;17,016
2021-10-01;15,227
2021-10-02;15,075
2021-10-03;10,917
2021-10-04;4,816
2021-10-05;3,786
2021-10-06;6,26
2021-10-07;9,236
2021-10-08;14,66
2021-10-09;12,044
2021-10-10;4,08
2021-10-11;13,245
2021-10-12;3,35
2021-10-13;12,576
2021-10-14;12,299
2021-10-15;12,313
2021-10-16;12,439
2021-10-17;6,619
2021-10-18;11,901
2021-10-19;5,408
2021-10-20;11,261
2021-10-21;10,279
2021-10-22;4,291
2021-10-23;11,146
2021-10-24;11,235
2021-10-25;7,735
2021-10-26;6,136
2021-10-27;10,39
2021-10-28;9,971
2021-10-29;6,128
2021-10-30;3,417
2021-10-31;10,723
2021-11-01;1,174
2021-11-02;5,649
2021-11-03;4,663
2021-11-04;2,519
2021-11-05;6,219
2021-11-06;10,65
2021-11-07;7,306
2021-11-08;6,464
2021-11-09;7,819
2021-11-10;3,44
2021-11-11;1,651
2021-11-12;1,51
2021-11-13;1,341
2021-11-14;2,86
2021-11-15;3,883
2021-11-16;0,685
2021-11-17;1,567
2021-11-18;5,831
2021-11-19;3,395
2021-11-20;1,227
2021-11-21;2,177
2021-11-22;1,115
2021-11-23;2,486
2021-11-24;6,19
2021-11-25;1,169
2021-11-26;0,704
2021-11-27;1,591
2021-11-28;2,502
2021-11-29;0,128
2021-11-30;0,05
2021-12-01;2,61
2021-12-02;2,58
2021-12-03;4,509
2021-12-04;0,87
2021-12-05;3,745
2021-12-06;1,44
2021-12-07;3,125
2021-12-08;0,256
2021-12-10;0,027
2021-12-11;1,403
2021-12-12;4,562
2021-12-13;4,365
2021-12-14;1,816
2021-12-15;1,084
2021-12-16;1,2
2021-12-17;4,711
2021-12-18;2,919
2021-12-19;2,191
2021-12-20;4,299
2021-12-21;2,003
2021-12-22;4,06
2021-12-23;5,392
2021-12-24;0,817
2021-12-25;0,578
2021-12-26;1,04
2021-12-27;6,096
2021-12-28;1,934
2021-12-29;1,552
2021-12-30;2,702
2021-12-31;6,423
2022-01-01;6,36
2022-01-02;3,6
2022-01-03;2,527
2022-01-04;2,413
2022-01-05;0,819
2022-01-06;0,625
2022-01-07;1,653
2022-01-08;3,528
2022-01-09;5,108
2022-01-10;3,252
2022-01-11;6,502
2022-01-12;8,245
2022-01-13;7,09
2022-01-14;6,72
2022-01-15;2,923
2022-01-16;6,432
2022-01-17;5,032
2022-01-18;8,142
2022-01-19;8,13
2022-01-20;2,549
2022-01-21;3,219
2022-01-22;2,458
2022-01-23;8,065
2022-01-24;3,082
2022-01-25;3,786
2022-01-26;3,861
2022-01-27;4,99
2022-01-28;4,313
2022-01-29;6,084
2022-01-30;4,878
2022-01-31;3,568
2022-02-01;2,783
2022-02-02;0,776
2022-02-03;7,16
2022-02-04;9,048
2022-02-05;10,037
2022-02-06;6,225
2022-02-07;4,512
2022-02-08;9,145
2022-02-09;10,111
2022-02-10;9,46
2022-02-11;6,174
2022-02-12;9,288
2022-02-13;9,098
2022-02-14;8,595
2022-02-15;2,379
2022-02-16;2,212
2022-02-17;3,843
2022-02-18;5,251
2022-02-19;5,241
2022-02-20;9,356
2022-02-21;9,502
2022-02-22;9,64
2022-02-23;12,805
2022-02-24;9,094
2022-02-25;10,589
2022-02-26;11,919
2022-02-27;12,704
2022-02-28;12,579
2022-03-01;12,289
2022-03-02;9,732
2022-03-03;12,245
2022-03-04;12,68
2022-03-05;13,007
2022-03-06;13,132
2022-03-07;13,363
2022-03-08;12,275
2022-03-09;13,664
2022-03-10;13,324
2022-03-11;13,607
2022-03-12;12,673
2022-03-13;13,614
2022-03-14;15,463
2022-03-15;1,834
2022-03-16;10,426
2022-03-17;7,482
2022-03-18;7,258
2022-03-19;13,934
2022-03-20;14,779
2022-03-21;13,846
2022-03-22;14,629
2022-03-23;14,873
2022-03-24;14,984
2022-03-25;14,943
2022-03-26;15,412
2022-03-27;16,496
2022-03-28;16,339
2022-03-29;11,805
2022-03-30;6,258
2022-03-31;8,178
2022-04-01;3,678
2022-04-02;0,287
2022-04-03;3,737
2022-04-04;15,423
2022-04-05;5,346
2022-04-06;19,373
2022-04-07;8,181
2022-04-08;8,92
2022-04-09;13,197
2022-04-10;11,762
2022-04-11;18,392
2022-04-12;20,062
2022-04-13;18,943
2022-04-14;16,91
2022-04-15;15,322
2022-04-16;14,755
2022-04-17;20,31
2022-04-18;17,356
2022-04-19;17,478
2022-04-20;21,405
2022-04-21;17,727
2022-04-22;19,456
2022-04-23;11,541
2022-04-24;11,045
2022-04-25;9,585
2022-04-26;8,305
2022-04-27;22,501
2022-04-28;18,536
2022-04-29;21,46
2022-04-30;9,689
2022-05-01;19,58
2022-05-02;19,005
2022-05-03;16,175
2022-05-04;15,576
2022-05-05;14,795
2022-05-06;7,662
2022-05-07;8,466
2022-05-08;14,606
2022-05-09;23,127
2022-05-10;19,905
2022-05-11;22,376
2022-05-12;21,68
2022-05-13;8,513
2022-05-14;22,089
2022-05-15;19,571
2022-05-16;14,326
2022-05-17;24,697
2022-05-18;22,529
2022-05-19;19,564
2022-05-20;22,564
2022-05-21;14,509
2022-05-22;16,756
2022-05-23;13,323
2022-05-24;5,727
2022-05-25;17,877
2022-05-26;24,99
2022-05-27;24,058
2022-05-28;18,002
2022-05-29;17,396
2022-05-30;24,021
2022-05-31;10,298
2022-06-01;14,114
2022-06-02;18,823
2022-06-03;13,022
2022-06-04;24,751
2022-06-05;15,388
2022-06-06;22,601
2022-06-07;10,822
2022-06-08;18,914
2022-06-09;9,344
2022-06-10;21,821
2022-06-11;21,227
2022-06-12;20,128
2022-06-13;13,75
2022-06-14;21,443
2022-06-15;19,772
2022-06-16;17,682
2022-06-17;24,495
2022-06-18;20,501
2022-06-19;20,432
2022-06-20;23,577
2022-06-21;20,749
2022-06-22;11,365
2022-06-23;24,492
2022-06-24;8,174
2022-06-25;20,535
2022-06-26;21,365
2022-06-27;18,952
2022-06-28;8,038
2022-06-29;20,414
2022-06-30;20,292
2022-07-01;8,127
2022-07-02;20,092
2022-07-03;24,026
2022-07-04;14,751
2022-07-05;22,591
2022-07-06;24,454
2022-07-07;14,024
2022-07-08;25,592
2022-07-09;20,739
2022-07-10;17,756
2022-07-11;25,613
2022-07-12;20,849
2022-07-13;23,593
2022-07-14;23,265
2022-07-15;22,901
2022-07-16;23,993
2022-07-17;19,409
2022-07-18;18,393
2022-07-19;18,73
2022-07-20;19,677
2022-07-21;13,282
2022-07-22;18,865
2022-07-23;10,668
2022-07-24;18,883
2022-07-25;18,326
2022-07-26;12,482
2022-07-27;18,534
2022-07-28;18,684
2022-07-29;9,718
2022-07-30;21,636
2022-07-31;20,25
2022-08-01;18,328
2022-08-02;21,711
2022-08-03;17,44
2022-08-04;16,948
2022-08-05;18,077
2022-08-06;5,065
2022-08-07;0,542
2022-08-08;21,62
2022-08-09;19,279
2022-08-10;18,01
2022-08-11;17,195
2022-08-12;19,655
2022-08-13;17,329
2022-08-14;21,472
2022-08-15;17,993
2022-08-16;16,427
2022-08-17;16,412
2022-08-18;6,515
2022-08-19;0,873
2022-08-20;10,431
2022-08-21;20,447
2022-08-22;16,158
2022-08-23;19,004
2022-08-24;16,353
2022-08-25;15,867
2022-08-26;17,833
2022-08-27;11,382
2022-08-28;17,927
2022-08-29;15,616
2022-08-30;17,61
2022-08-31;5,577
2022-09-01;11,859
2022-09-02;17,004
2022-09-03;13,524
2022-09-04;17,291
2022-09-05;15,268
2022-09-06;11,621
2022-09-07;13,988
2022-09-08;11,035
2022-09-09;9,32
2022-09-10;7,427
2022-09-11;10,678
2022-09-12;16,402
2022-09-13;15,759
2022-09-14;6,999
2022-09-15;3,996
2022-09-16;6,112
2022-09-17;8,286
2022-09-18;12,098
2022-09-19;14,02
2022-09-20;13,907
2022-09-21;15,519
2022-09-22;15,073
2022-09-23;14,355
2022-09-24;4,54
2022-09-25;7,94
2022-09-26;6,689
2022-09-27;7,988
2022-09-28;1,596
2022-09-29;4,07
2022-09-30;5,201
2022-10-01;1,744
2022-10-02;7,32
2022-10-03;13,203
2022-10-04;10,549
2022-10-05;12,618
2022-10-06;11,789
2022-10-07;9,94
2022-10-08;3,098
2022-10-09;5,174
2022-10-10;7,442
2022-10-11;10,12
2022-10-12;5,044
2022-10-13;8,213
2022-10-14;3,25
2022-10-15;5,995
2022-10-16;11,079
2022-10-17;9,973
2022-10-18;9,692
2022-10-19;10,543
2022-10-20;3,586
2022-10-21;1,675
2022-10-22;8,85
2022-10-23;8,245
2022-10-24;0,938
2022-10-25;8,568
2022-10-26;5,465
2022-10-27;8,828
2022-10-28;6,342
2022-10-29;8,395
2022-10-30;3,848
2022-10-31;5,072
2022-11-01;4,54
2022-11-02;2,445
2022-11-03;3,85
2022-11-04;4,323
2022-11-05;2,174
2022-11-06;7,396
2022-11-07;7,999
2022-11-08;8,124
2022-11-09;3,362
2022-11-10;5,973
2022-11-11;5,241
2022-11-12;2,379
2022-11-13;1,274
2022-11-14;2,732
2022-11-15;4,76
2022-11-16;3,373
2022-11-17;3,512
2022-11-18;1,673
2022-11-19;3,927
2022-11-20;4,125
2022-11-21;5,51
2022-11-22;1,731
2022-11-23;6,63
2022-11-24;3,249
2022-11-25;3,721
2022-11-26;5,309
2022-11-27;5,841
2022-11-28;2,575
2022-11-29;0,675
2022-11-30;1,131
2022-12-01;1,13
2022-12-02;1,352
2022-12-03;1,653
2022-12-04;0,523
2022-12-05;1,09
2022-12-06;4,837
2022-12-07;0,881
2022-12-08;4,373
2022-12-09;0,931
2022-12-10;0,385
2022-12-11;0,651
2022-12-12;0,921
2022-12-13;0,492
2022-12-14;0,684
2022-12-15;0,962
2022-12-16;0,061
2022-12-17;0,151
2022-12-18;0,135
2022-12-19;0,179
2022-12-20;0,637
2022-12-21;0,713
2022-12-22;2,989
2022-12-23;0,572
2022-12-24;0,943
2022-12-25;2,32
2022-12-26;1,797
2022-12-27;2,702
2022-12-28;4,681
2022-12-29;3,257
2022-12-30;4,143
2022-12-31;4,208
2023-01-01;4,734
2023-01-02;2,885
2023-01-03;1,336
2023-01-04;1,657
2023-01-05;1,751
2023-01-06;3,777
2023-01-07;5,171
2023-01-08;1,488
2023-01-09;2,987
2023-01-10;2,984
2023-01-11;1,65
2023-01-12;1,666
2023-01-13;2,147
2023-01-14;4,088
2023-01-15;0,644
2023-01-16;3,055
2023-01-17;2,212
2023-01-18;3,3
2023-01-19;4,051
2023-01-20;2,098
2023-01-21;1,086
2023-01-22;3,724
2023-01-23;4,164
2023-01-24;5,438
2023-01-25;2,128
2023-01-26;0,769
2023-01-27;1,822
2023-01-28;1,914
2023-01-29;6,966
2023-01-30;6,312
2023-01-31;6,92
2023-02-01;2,04
2023-02-02;0,71
2023-02-03;5,74
2023-02-04;3,58
2023-02-05;3,284
2023-02-06;3,731
2023-02-07;8,457
2023-02-08;9,313
2023-02-09;8,471
2023-02-10;8,833
2023-02-11;6,858
2023-02-12;8,553
2023-02-13;0,191
2023-02-14;3,159
2023-02-15;4,988
2023-02-16;6,917
2023-02-17;2,308
2023-02-18;10,718
2023-02-19;2,379
2023-02-20;9,447
2023-02-21;10,629
2023-02-22;9,85
2023-02-23;8,833
2023-02-24;6,871
2023-02-25;1,718
2023-02-26;7,335
2023-02-27;6,262
2023-02-28;10,099
2023-03-01;5,337
2023-03-02;4,124
2023-03-03;5,536
2023-03-04;9,948
2023-03-05;9,549
2023-03-06;3,076
2023-03-18;15,907
2023-03-19;10,25
2023-03-20;9,865
2023-03-21;13,671
2023-03-22;15,591
2023-03-23;8,402
2023-03-24;2,544
2023-03-25;13,202
2023-03-26;4,315
2023-03-27;0,598
2023-03-28;1,221
2023-03-29;7,558
2023-03-30;3,129
2023-03-31;9,376
2023-04-01;5,966
2023-04-02;15,198
2023-04-03;4,63
2023-04-04;17,726
2023-04-05;17,722
2023-04-06;17,7
2023-04-07;16,825
2023-04-08;6,086
2023-04-09;19,119
2023-04-10;17,407
2023-04-11;5,511
2023-04-12;10,281
2023-04-13;9,827
2023-04-14;17,343
2023-04-15;12,953
2023-04-16;4,279
2023-04-17;16,751
2023-04-18;19,361
2023-04-19;10,398
2023-04-20;4,972
2023-04-21;18,677
2023-04-22;19,858
2023-04-23;14,354
2023-04-24;10,555
2023-04-25;8,416
2023-04-26;17,359
2023-04-27;16,584
2023-04-28;4,047
2023-04-29;19,147
2023-04-30;15,529
2023-05-01;5,839
2023-05-02;13,227
2023-05-03;22,53
2023-05-04;18,44
2023-05-05;19,438
2023-05-06;18,097
2023-05-07;17,546
2023-05-08;9,456
2023-05-09;17,756
2023-05-10;6,014
2023-05-11;11,049
2023-05-12;18,276
2023-05-13;10,255
2023-05-14;8,915
2023-05-15;14,59
2023-05-16;6,327
2023-05-17;9,859
2023-05-18;13,684
2023-05-19;15,494
2023-05-20;19,248
2023-05-21;18,03
2023-05-22;20,068
2023-05-23;14,242
2023-05-24;4,885
2023-05-25;23,53
2023-05-26;24,596
2023-05-27;20,361
2023-05-28;20,772
2023-05-29;20,725
2023-05-30;23,578
2023-05-31;19,907
2023-06-01;19,916
2023-06-02;21,389
2023-06-03;21,046
2023-06-04;21,175
2023-06-05;23,174
2023-06-06;20,669
2023-06-07;20,942
2023-06-08;19,995
2023-06-09;20,629
2023-06-10;24,073
2023-06-11;24,391
2023-06-12;20,316
2023-06-13;20,934
2023-06-14;25,126
2023-06-15;21,19
2023-06-16;22,306
2023-06-17;21,04
2023-06-18;17,459
2023-06-19;21,215
2023-06-20;18,246
2023-06-21;20,245
2023-06-22;16,186
2023-06-23;14,335
2023-06-24;23,572
2023-06-25;19,954
2023-06-26;21,404
2023-06-27;18,381
2023-06-28;18,457
2023-06-29;18,914
2023-06-30;7,108
2023-07-01;14,67
2023-07-02;9,622
2023-07-03;14,939
2023-07-04;21,508
2023-07-05;8,719
2023-07-06;22,518
2023-07-07;19,924
2023-07-08;19,939
2023-07-09;24,015
2023-07-10;20,07
2023-07-11;22,43
2023-07-12;10,041
2023-07-13;13,695
2023-07-14;22,876
2023-07-15;22,954
2023-07-16;20,967
2023-07-17;21,631
2023-07-18;15,466
2023-07-19;14,125
2023-07-20;22,467
2023-07-21;9,508
2023-07-22;17,522
2023-07-23;22,052
2023-07-24;9,902
2023-07-25;7,162
2023-07-26;10,349
2023-07-27;14,118
2023-07-28;11,93
2023-07-29;8,527
2023-07-30;13,684
2023-07-31;18,483
2023-08-01;6,014
2023-08-02;16,6
2023-08-03;15,185
2023-08-04;17,675
2023-08-05;10,894
2023-08-06;8,543
2023-08-07;10,187
2023-08-08;20,963
2023-08-09;5,922
2023-08-10;18,471
2023-08-11;18,848
2023-08-12;14,454
2023-08-13;19,499
2023-08-14;17,094
2023-08-15;12,964
2023-08-16;15,903
2023-08-17;14,532
2023-08-18;18,588
2023-08-19;15,958
2023-08-20;17,842
2023-08-21;18,445
2023-08-22;15,268
2023-08-23;18,262
2023-08-24;17,424
2023-08-25;7,753
2023-08-26;8,658
2023-08-27;4,192
2023-08-28;2,216
2023-08-29;5,104
2023-08-30;16,118
2023-08-31;10,545
2023-09-01;18,18
2023-09-02;18,778
2023-09-03;17,221
2023-09-04;19,898
2023-09-05;16,704
2023-09-06;18,698
2023-09-07;16,201
2023-09-08;16,356
2023-09-09;16,096
2023-09-10;16,868
2023-09-11;18,077
2023-09-12;14,862
2023-09-13;6,029
2023-09-14;13,147
2023-09-15;17,375
2023-09-16;17,308
2023-09-17;17,062
2023-09-18;4,052
2023-09-19;8,859
2023-09-20;16,164
2023-09-21;15,983
2023-09-22;1,767
2023-09-23;10,214
2023-09-24;16,78
2023-09-25;14,959
2023-09-26;14,965
2023-09-27;14,577
2023-09-28;15,655
2023-09-29;13,212
2023-09-30;13,341
2023-10-01;14,329
2023-10-02;14,264
2023-10-03;13,174
2023-10-04;14,53
2023-10-05;12,811
2023-10-06;13,867
2023-10-07;12,263
2023-10-09;0,017
2023-10-10;0,021
2023-10-11;0,017
2023-10-12;0,01
2023-10-13;0,018
2023-10-14;0,024
2023-10-15;0,013
2023-10-16;0,02
2023-10-17;0,016
2023-10-18;0,016
2023-10-19;0,028
2023-10-20;0,03
2023-10-21;0,077
2023-10-22;0,08
2023-10-23;0,03
2023-10-24;0,016
2023-10-25;0,019
2023-10-26;0,035
2023-10-27;0,031
2023-10-28;0,017
2023-10-29;0,145
2023-10-30;0,015
2023-10-31;0,018
2023-11-01;0,016
2023-11-02;0,033
2023-11-03;0,047
2023-11-04;0,026
2023-11-05;0,035
2023-11-06;0,022
2023-11-07;0,04
2023-11-08;0,017
2023-11-09;0,027
2023-11-10;0,029
2023-11-11;0,059
2023-11-12;0,052
2023-11-13;0,019
2023-11-14;0,064
2023-11-15;0,025
2023-11-16;0,023
2023-11-17;0,022
2023-11-18;0,014
2023-11-19;0,03
2023-11-20;0,034
2023-11-21;0,028
2023-11-22;0,024
2023-11-23;0,094
2023-11-24;0,032
2023-11-27;0,06
2023-11-28;0,019
2023-11-29;0,021
2023-11-30;0,018
2023-12-01;0,015
2023-12-06;0,014
2023-12-07;0,026
2023-12-08;0,026
2023-12-09;0,026
2023-12-10;0,028
2023-12-11;0,016
2023-12-12;0,028
2023-12-13;0,071
2023-12-14;0,072
2023-12-15;0,034
2023-12-16;0,016
2023-12-17;0,017
2023-12-18;0,051
2023-12-19;0,016
2023-12-20;0,031
2023-12-21;0,021
2023-12-22;0,022
2023-12-23;0,022
2023-12-24;0,02
2023-12-25;0,059
2023-12-26;0,022
2023-12-27;0,019
2023-12-28;0,028
2023-12-29;0,023
2023-12-30;0,014
2023-12-31;0,014
2024-01-01;0,04
2024-01-02;0,021
2024-01-03;0,026
2024-01-04;0,018
2024-01-05;0,021
2024-01-06;0,024
2024-01-07;0,039
2024-01-08;0,037
2024-01-09;0,021
2024-01-10;0,028
2024-01-11;0,03
2024-01-12;0,044
2024-01-13;0,023
2024-01-14;0,06
2024-01-15;0,02
2024-01-16;0,023
2024-01-17;0,036
2024-01-18;0,018
2024-01-19;0,033
2024-01-20;0,015
2024-01-21;0,056
2024-01-22;0,027
2024-01-23;0,031
2024-01-24;0,022
2024-01-25;0,024
2024-01-26;0,017
2024-01-27;0,036
2024-01-28;0,034
2024-01-29;0,034
2024-01-30;0,07
2024-01-31;0,032
2024-02-01;0,016
2024-02-02;0,016
2024-02-03;0,022
2024-02-04;0,021
2024-02-05;0,037
2024-02-06;0,056
2024-02-07;0,041
2024-02-08;0,019
2024-02-09;0,041
2024-02-10;0,024
2024-02-11;0,021
2024-02-12;0,036
2024-02-13;0,022
2024-02-14;0,026
2024-02-15;0,018
2024-02-16;0,017
2024-02-17;0,043
2024-02-18;0,026
2024-02-19;0,018
2024-02-20;0,029
2024-02-21;0,022
2024-02-22;0,017
2024-02-23;0,048
2024-02-24;0,017
2024-02-25;0,018
2024-02-26;0,03
2024-02-27;0,022
2024-02-28;0,019
2024-02-29;0,029
2024-03-01;0,058
2024-03-02;0,025
2024-03-03;0,02
2024-03-04;0,025
2024-03-05;0,011
2024-03-06;0,029
2024-03-07;0,027
2024-03-08;0,028
2024-03-09;0,062
2024-03-10;0,036
2024-03-11;0,029
2024-03-12;0,03
2024-03-13;0,02
2024-03-14;0,015
2024-03-15;0,024
2024-03-16;0,037
2024-03-17;0,012
2024-03-18;0,027
2024-03-19;0,018
2024-03-20;0,016
2024-03-21;0,021
2024-03-22;0,016
2024-03-23;0,016
2024-03-24;0,011
2024-03-25;0,029
2024-03-26;0,025
2024-03-27;0,025
2024-03-28;0,013
2024-03-29;0,016
2024-03-30;0,024
2024-03-31;0,032
2024-04-01;0,02
2024-04-02;0,016
2024-04-03;0,026
2024-04-04;0,032
2024-04-05;0,03
2024-04-06;0,025
2024-04-07;0,027
2024-04-08;0,025
2024-04-09;0,021
2024-04-10;0,02
2024-04-11;0,06
2024-04-12;0,012
2024-04-13;0,019
2024-04-14;0,016
2024-04-15;0,064
2024-04-16;0,015
2024-04-17;0,036
2024-04-18;0,016
2024-05-02;1,356
2024-05-03;6,097
2024-05-04;23,125
2024-05-05;13,759
2024-05-06;10,669
2024-05-07;5,098
2024-05-08;10,878
2024-05-09;22,344
2024-05-10;24,799
2024-05-11;21,402
2024-05-12;23,312
2024-05-13;14,783
2024-05-14;0,699
2024-05-15;16,203
2024-05-16;24,278
2024-05-17;9,482
2024-05-18;22,837
2024-05-19;21,848
2024-05-20;12,883
2024-05-21;6,924
2024-05-22;12,61
2024-05-23;10,178
2024-05-24;24,756
2024-05-25;26,497
2024-05-26;25,798
2024-05-27;15,389
2024-05-28;18,182
2024-05-29;18,838
2024-05-30;12,2
2024-05-31;3,574
2024-06-01;6,889
2024-06-02;12,726
2024-06-03;6,676
2024-06-04;27,816
2024-06-05;19,887
2024-06-06;25,108
2024-06-07;15,909
2024-06-08;14,449
2024-06-09;16,683
2024-06-10;16,003
2024-06-11;6,14
2024-06-12;28,949
2024-06-16;26,864
2024-06-18;26,257
2024-06-19;21,764
2024-06-20;12,999
2024-06-21;5,82
2024-06-22;15,592
2024-06-23;10,842
2024-06-24;20,975
2024-06-25;18,539
2024-06-26;24,193
2024-06-27;13,724
2024-06-28;23,02
2024-06-29;16,437
2024-06-30;2,252
2024-07-01;14,646
2024-07-02;10,855
2024-07-03;10,124
2024-07-04;14,674
2024-07-05;22,965
2024-07-06;16,07
2024-07-07;12,377
2024-07-08;23,11
2024-07-09;21,118
2024-07-10;20,458
2024-07-11;22,726
2024-07-12;11,515
2024-07-14;20,149
2024-07-15;22,621
2024-07-16;17,883
2024-07-17;14,73
2024-07-18;21,561
2024-07-19;18,502
2024-07-20;24,994
2024-07-21;20,494
2024-07-22;13,251
2024-07-23;18,727
2024-07-24;21,604
2024-07-25;21,11
2024-07-26;23,87
2024-07-27;21,869
2024-07-28;12,167
2024-07-29;23,488
2024-07-30;19,884
2024-07-31;17,69
2024-08-01;12,441
2024-08-02;22,751
2024-08-03;15,536
2024-08-04;21,914
2024-08-05;21,947
2024-08-06;19,424
2024-08-07;13,195
2024-08-08;10,377
2024-08-09;21,89
2024-08-10;18,573
2024-08-11;17,986
2024-08-12;18,281
2024-08-13;17,746
2024-08-14;16,484
2024-08-15;20,814
2024-08-16;20,663
2024-08-17;13,521
2024-08-18;4,584
2024-08-19;12,489
2024-08-20;13,209
2024-08-21;13,576
2024-08-22;20,26
2024-08-23;17,653
2024-08-24;16,868
2024-08-25;7,168
2024-08-26;10,095
2024-08-27;20,548
2024-08-28;17,508
2024-08-29;17,236
2024-08-30;16,943
2024-08-31;18,16
2024-09-01;18,147
2024-09-02;16,782
2024-09-03;15,226
2024-09-04;13,121
2024-09-05;10,366
2024-09-06;17,937
2024-09-07;19,322
2024-09-08;5,042
2024-09-09;5,222
2024-09-10;8,896
2024-09-11;6,936
2024-09-12;11,461
2024-09-13;6,149
2024-09-14;7,381
2024-09-15;18,041
2024-09-16;3,964
2024-09-17;12,224
2024-09-18;15,657
2024-09-19;16,677
2024-09-20;16,883
2024-09-21;15,634
2024-09-22;13,305
2024-09-23;11,078
2024-09-24;10,477
2024-09-25;12,121
2024-09-26;3,61
2024-09-27;6,213
2024-09-28;4,498
2024-09-29;15,413
2024-09-30;11,972
2024-10-01;4,841
2024-10-02;6,021
2024-10-03;7,375
2024-10-04;2,935
2024-10-05;11,44
2024-10-06;10,786
2024-10-07;12,08
2024-10-08;5,613
2024-10-09;11,244
2024-10-10;5,541
2024-10-11;5,565
2024-10-12;6,194
2024-10-13;5,074
2024-10-14;7,012
2024-10-15;5,281
2024-10-16;2,595
2024-10-17;8,595
2024-10-18;4,62
2024-10-19;5,343
2024-10-20;9,561
2024-10-21;6,02
2024-10-22;4,349
2024-10-23;1,711
2024-10-24;5,099
2024-10-25;3,295
2024-10-26;6,489
2024-10-27;10,504
2024-10-28;3,604
2024-10-29;3,802
2024-10-30;2,702
2024-10-31;5,81
2024-11-01;7,457
2024-11-02;2,531
2024-11-03;6,419
2024-11-04;5,325
2024-11-05;5,657
2024-11-06;3,39
2024-11-07;4,096
2024-11-08;8,469
2024-11-09;2,343
2024-11-10;3,138
2024-11-11;2,431
2024-11-12;4,485
2024-11-13;0,944
2024-11-14;6,776
2024-11-15;8,22
2024-11-16;4,638
2024-11-17;6,999
2024-11-18;5,916
2024-11-19;2,487
2024-11-20;4,984
2024-11-21;3,053
2024-11-24;0,345
2024-11-25;5,879
2024-11-26;3,018
2024-11-27;7,01
2024-11-28;0,673
2024-11-29;6,92
2024-11-30;3,116
2024-12-01;4,824
2024-12-02;2,848
2024-12-03;1,921
2024-12-04;1,167
2024-12-05;5,927
2024-12-06;5,415
2024-12-07;2,233
2024-12-08;2,318
2024-12-09;2,521
2024-12-10;3,041
2024-12-11;4,212
2024-12-12;4,634
2024-12-13;2,842
2024-12-14;2,429
2024-12-15;2,521
2024-12-16;5,634
2024-12-17;4,008
2024-12-18;1,983
2024-12-19;1,007
2024-12-20;1,546
2024-12-21;4,815
2024-12-22;0,656
2024-12-23;0,02
2024-12-24;1,644
2024-12-25;5,899
2024-12-26;5,903
2024-12-27;1,7
2024-12-28;1,691
2024-12-29;2,209
2024-12-30;1,581
2024-12-31;2,316
2025-01-01;2,782
2025-01-02;2,623
2025-01-03;0,428
2025-01-04;1,735
2025-01-05;1,935
2025-01-06;3,306
2025-01-07;5,416
2025-01-08;1,716
2025-01-09;3,793
2025-01-10;6,319
2025-01-11;6,763
2025-01-12;5,705
2025-01-13;7,022
2025-01-14;5,732
2025-01-15;4,114
2025-01-16;7,11
2025-01-17;2,529
2025-01-18;5,934
2025-01-19;2,164
2025-01-20;2,241
2025-01-21;2,091
2025-01-22;2,069
2025-01-23;5,912
2025-01-24;7,18
2025-01-25;7,665
2025-01-26;7,219
2025-01-27;3,142
2025-01-28;1,389
2025-01-29;8,716
2025-01-30;6,06
2025-01-31;1,683
2025-02-01;3,446
2025-02-02;2,604
2025-02-03;7,338
2025-02-04;8,912
2025-02-05;3,631
2025-02-06;2,959
2025-02-07;9,509
2025-02-08;7,08
2025-02-09;4,673
2025-02-10;4,822
2025-02-11;4,468
2025-02-12;7,219
2025-02-13;1,372
2025-02-15;0,545
2025-02-16;3,768
2025-02-17;3,799
2025-02-18;8,23
2025-02-19;6,162
2025-02-20;5,401
2025-02-21;9,91
2025-02-22;8,882
2025-02-23;4,807
2025-02-24;8,257
2025-02-25;5,101
2025-02-26;2,175
2025-02-27;3,885
2025-02-28;5,79
2025-03-01;14,089
2025-03-02;14,212
2025-03-03;14,008
2025-03-04;14,016
2025-03-05;14,077
2025-03-06;14,057
2025-03-07;14,309
2025-03-08;14,714
2025-03-09;14,505
2025-03-10;4,505
2025-03-11;12,329
2025-03-12;5,834
2025-03-13;4,351
2025-03-14;6,449
2025-03-15;5,676
2025-03-16;4,781
2025-03-17;10,584
2025-03-18;16,197
2025-03-19;15,992
2025-03-20;17,556
2025-03-21;12,462
2025-03-22;16,338
2025-03-23;12,525
2025-03-24;17,657
2025-03-25;9,626
2025-03-26;4,632
2025-03-27;12,222
2025-03-28;7,335
2025-03-29;2,65
2025-03-30;13,21
2025-03-31;6,624
2025-04-01;18,564
2025-04-02;18,399
2025-04-03;18,591
2025-04-04;16,265
2025-04-05;18,216
2025-04-06;19,793
2025-04-07;18,193
2025-04-08;19,851
2025-04-09;20,385
2025-04-10;19,288
2025-04-11;19,417
2025-04-12;17,337
2025-04-13;14,065
2025-04-14;19,449
2025-04-15;15,333
2025-04-16;20,58
2025-04-17;8,757
2025-04-18;8,952
2025-04-19;19,343
2025-04-20;12,154
2025-04-21;19,974
2025-04-22;22,668
2025-04-23;17,711
2025-04-24;7,79
2025-04-25;12,98
2025-04-26;21,773
2025-04-27;19,272
2025-04-28;20,494
2025-04-29;19,0
2025-04-30;19,034
2025-05-01;19,067
2025-05-02;19,05
2025-05-03;11,897
2025-05-04;9,762
2025-05-05;4,605
2025-05-06;11,435
2025-05-07;12,578
2025-05-08;14,384
2025-05-09;14,39
2025-05-10;21,211
2025-05-11;23,015
2025-05-12;24,189
2025-05-13;24,557
2025-05-14;21,891
2025-05-15;21,423
2025-05-16;21,018
2025-05-17;18,382
2025-05-18;21,176
2025-05-19;20,764
2025-05-20;23,377
2025-05-21;9,945
2025-05-22;8,129
2025-05-23;18,295
2025-05-24;26,685
2025-05-25;8,263
2025-05-26;7,888
2025-05-27;13,307
2025-05-28;7,006
2025-05-29;18,792
2025-05-30;26,06
2025-05-31;20,279
2025-06-01;20,141
2025-06-02;7,402
2025-06-03;18,924
2025-06-04;13,323
2025-06-05;7,964
2025-06-06;22,885
2025-06-07;10,486
2025-06-08;17,278
2025-06-09;23,975
2025-06-10;22,983
2025-06-11;23,409
2025-06-12;22,617
2025-06-13;22,036
2025-06-14;26,328
2025-06-15;20,498
2025-06-16;24,451
2025-06-17;23,297
2025-06-18;23,085
2025-06-19;22,007
2025-06-20;22,012
2025-06-21;21,869
2025-06-22;22,025
2025-06-23;19,696
2025-06-24;24,653
2025-06-25;21,929
2025-06-26;9,385
2025-06-27;19,135
2025-06-28;21,488
2025-06-29;20,21
2025-06-30;21,731
2025-07-01;22,874
2025-07-02;18,904
2025-07-03;12,247
2025-07-04;19,026
2025-07-05;23,253
2025-07-06;12,466
2025-07-07;7,693
2025-07-08;9,003
2025-07-09;17,269
2025-07-10;27,286
2025-07-11;24,566
2025-07-12;25,461
2025-07-13;22,898
2025-07-14;11,434
2025-07-15;11,71
2025-07-16;9,966
2025-07-17;23,287
2025-07-18;23,961
2025-07-19;19,001
2025-07-20;20,544
2025-07-21;13,401
2025-07-22;19,203
2025-07-23;17,513
2025-07-24;10,348
2025-07-25;13,513
2025-07-26;5,592
2025-07-27;8,795
2025-07-28;6,27
2025-07-29;14,27
2025-07-30;12,48
2025-07-31;11,16
2025-08-01;11,56
2025-08-02;6,463
2025-08-03;12,83
2025-08-04;11,323
2025-08-05;14,888
2025-08-06;21,554
2025-08-07;23,299
2025-08-08;18,068
2025-08-09;17,988
2025-08-10;19,951
2025-08-11;18,136
2025-08-12;17,786
2025-08-13;17,487
2025-08-14;19,008
2025-08-15;17,593
2025-08-16;17,257
2025-08-17;17,089
2025-08-18;21,138
2025-08-19;20,489
2025-08-20;7,843
2025-08-21;8,339
2025-08-22;16,532
2025-08-23;12,054
2025-08-24;19,3
2025-08-25;17,49
2025-08-26;16,835
2025-08-27;16,98
2025-08-28;4,541
2025-08-29;18,167
2025-08-30;10,867
2025-08-31;19,187
2025-09-01;11,192
2025-09-02;9,077
2025-09-03;16,175
2025-09-04;15,564
2025-09-05;8,093
2025-09-06;17,417
2025-09-07;16,735
2025-09-08;12,723
2025-09-09;6,166
2025-09-10;7,977
2025-09-11;4,315
2025-09-12;3,696
2025-09-13;13,221
2025-09-14;10,158
2025-09-15;16,239
2025-09-16;11,1
2025-09-17;13,302
2025-09-18;15,182
2025-09-19;16,006
2025-09-20;14,209
2025-09-21;14,375
2025-09-22;2,346
2025-09-23;4,764
2025-09-24;3,193
2025-09-25;6,739
2025-09-26;12,497
2025-09-27;5,781
2025-09-28;12,627
2025-09-29;12,337
2025-09-30;5,06
2025-10-01;14,193
2025-10-02;14,477
2025-10-03;11,642
2025-10-04;8,451
2025-10-05;7,493
2025-10-06;4,718
2025-10-07;11,941
2025-10-08;10,778
2025-10-09;4,268
2025-10-10;8,924
2025-10-11;6,964
2025-10-12;8,001
2025-10-13;7,952
2025-10-14;4,611
2025-10-15;10,957
2025-10-16;7,953
2025-10-17;7,506
2025-10-18;11,171
2025-10-19;9,021
2025-10-20;4,691
2025-10-21;6,35
2025-10-22;4,275
2025-10-23;1,252
2025-10-24;6,754
2025-10-25;2,079
2025-10-26;4,576
2025-10-27;0,868
2025-11-03;7,53
2025-11-04;8,597
2025-11-05;7,264
2025-11-06;2,701
2025-11-07;1,961
2025-11-08;2,516
2025-11-09;1,388
2025-11-10;3,981
2025-11-11;7,804
2025-11-12;6,232
2025-11-13;6,964
2025-11-14;5,653
2025-11-15;7,085
2025-11-16;1,899
2025-11-17;0,848
2025-11-18;7,905
2025-11-19;5,54
2025-11-20;3,417
2025-11-21;1,549
2025-11-22;5,287
2025-11-23;6,153
2025-11-24;1,251
2025-11-25;2,343
2025-11-26;1,789
2025-11-27;6,268
2025-11-28;6,82
2025-11-29;3,624
2025-11-30;2,436
2025-12-01;5,664
2025-12-02;2,069
2025-12-03;1,354
2025-12-04;1,068
2025-12-05;2,14
2025-12-06;2,363
2025-12-07;1,401
2025-12-08;2,924
2025-12-09;1,848
2025-12-10;3,06
2025-12-11;2,816
2025-12-12;5,025
2025-12-13;1,761
2025-12-14;1,777
2025-12-15;1,095
2025-12-16;1,229
2025-12-17;3,826
2025-12-18;2,09
2025-12-19;1,793
2025-12-20;2,597
2025-12-21;1,281
2025-12-22;2,526
2025-12-23;1,797
2025-12-24;0,491
2025-12-25;5,392
2025-12-26;3,226
2025-12-27;1,921
2025-12-28;1,524
2025-12-29;1,277
2025-12-30;2,539
2025-12-31;5,62
2026-01-01;5,763
2026-01-02;1,743
2026-01-03;0,18
2026-01-04;0,608
2026-01-05;0,366
2026-01-06;0,8
2026-01-07;0,718
2026-01-08;0,236
2026-01-09;3,24
2026-01-10;0,94
2026-01-11;0,517
2026-01-12;1,379
2026-01-13;4,58
2026-01-14;5,217
2026-01-15;6,545
2026-01-16;4,459
2026-01-17;6,539
2026-01-18;2,777
2026-01-19;2,0
2026-01-20;2,79
2026-01-21;2,559
2026-01-22;2,743
2026-01-23;6,428
2026-01-24;5,44
2026-01-25;2,091
2026-01-26;2,919
2026-01-27;6,198
2026-01-28;2,241
2026-01-29;2,024
2026-01-30;3,604
2026-01-31;5,729
2026-02-01;5,701
2026-02-02;8,67
2026-02-03;7,168
2026-02-04;2,504
2026-02-05;5,895
2026-02-06;1,751
2026-02-07;9,149
2026-02-08;5,857
2026-02-09;9,049
2026-02-10;4,231
2026-02-11;2,362
2026-02-12;3,325
2026-02-13;9,469
2026-02-14;3,405
2026-02-15;7,267
2026-02-16;3,513
2026-02-17;6,165
2026-02-18;3,465
2026-02-19;2,631
2026-02-20;1,567
2026-02-21;1,473
2026-02-22;6,981
2026-02-23;7,203
2026-02-24;3,243
2026-02-25;9,488
2026-02-26;11,134
2026-02-27;11,793
2026-02-28;9,16
2026-03-01;6,239
2026-03-02;7,187
2026-03-03;10,191
2026-03-04;12,398
2026-03-05;13,296
2026-03-06;10,552
2026-03-07;13,335
2026-03-08;13,508
2026-03-09;9,387
2026-03-10;13,861
2026-03-11;10,091
2026-03-12;8,916
2026-03-13;15,282
2026-03-14;3,524
2026-03-15;10,246
2026-03-16;6,487
2026-03-17;12,354
2026-03-18;14,771
2026-03-19;14,517
2026-03-20;15,416
2026-03-21;13,833
2026-03-22;15,574
2026-03-23;12,182
2026-03-24;16,874
2026-03-25;10,711
2026-03-26;5,529
2026-03-27;9,551
2026-03-28;16,965
2026-03-29;6,74
2026-03-30;4,209
2026-03-31;6,361
2026-04-01;10,001
2026-04-02;12,261
2026-04-03;19,216
2026-04-04;11,829
2026-04-05;18,338
2026-04-06;17,349
2026-04-07;16,547
2026-04-08;18,8
2026-04-09;17,527
2026-04-10;4,471
2026-04-11;20,558
2026-04-12;4,229
2026-04-13;6,211
2026-04-14;8,961
2026-04-15;13,365
2026-04-16;20,69
2026-04-17;20,056
2026-04-18;18,305
2026-04-19;12,939
2026-04-20;18,824
2026-04-21;21,802
2026-04-22;18,76
2026-04-23;21,399
2026-04-24;18,25
2026-04-25;17,764
2026-04-26;17,226
2026-04-27;20,442
2026-04-28;18,489
2026-04-29;18,244
2026-04-30;22,918
2026-05-01;20,936
